line,time,ticks_a,ticks_b,count C,count D
1,0.0020,10,4
2,0.0040,10,4
3,0.0060,10,4
4,0.0080,10,4
5,0.0100,10,4
6,0.0120,10,4
7,0.0140,10,4
8,0.0160,10,4
9,0.0180,10,4
10,0.0200,10,4
11,0.0220,10,4
12,0.0240,10,4
13,0.0260,10,4
14,0.0280,10,4
15,0.0300,10,4
16,0.0320,10,4
17,0.0340,10,4
18,0.0360,10,4
19,0.0380,10,4
20,0.0400,10,4
21,0.0420,10,4
22,0.0440,10,4
23,0.0460,10,4
24,0.0480,10,4
25,0.0500,10,4
26,0.0520,10,4
27,0.0540,10,4
28,0.0560,10,4
29,0.0580,10,4
30,0.0600,10,4
31,0.0620,10,4
32,0.0640,10,4
33,0.0660,10,4
34,0.0680,10,4
35,0.0700,10,4
36,0.0720,10,4
37,0.0740,10,4
38,0.0760,10,4
39,0.0780,10,4
40,0.0800,10,4
41,0.0820,10,4
42,0.0840,10,4
43,0.0860,10,4
44,0.0880,10,4
45,0.0900,10,4
46,0.0920,10,4
47,0.0940,10,4
48,0.0960,10,4
49,0.0980,10,4
50,0.1000,10,4
51,0.1020,10,4
52,0.1040,10,4
53,0.1060,10,4
54,0.1080,10,4
55,0.1100,10,4
56,0.1120,10,4
57,0.1140,10,4
58,0.1160,10,4
59,0.1180,10,4
60,0.1200,10,4
61,0.1220,10,4
62,0.1240,10,4
63,0.1260,10,4
64,0.1280,10,4
65,0.1300,10,4
66,0.1320,10,4
67,0.1340,10,4
68,0.1360,10,4
69,0.1380,10,4
70,0.1400,10,4
71,0.1420,10,4
72,0.1440,10,4
73,0.1460,10,4
74,0.1480,10,4
75,0.1500,10,4
76,0.1520,10,4
77,0.1540,10,4
78,0.1560,10,4
79,0.1580,10,4
80,0.1600,10,4
81,0.1620,10,4
82,0.1640,10,4
83,0.1660,10,4
84,0.1680,10,4
85,0.1700,10,4
86,0.1720,10,4
87,0.1740,10,4
88,0.1760,10,4
89,0.1780,10,4
90,0.1800,10,4
91,0.1820,10,4
92,0.1840,10,4
93,0.1860,10,4
94,0.1880,10,4
95,0.1900,10,4
96,0.1920,10,4
97,0.1940,10,4
98,0.1960,10,4
99,0.1980,10,4
100,0.2000,10,4
101,0.2020,10,4
102,0.2040,10,4
103,0.2060,10,4
104,0.2080,10,4
105,0.2100,10,4
106,0.2120,10,4
107,0.2140,10,4
108,0.2160,10,4
109,0.2180,10,4
110,0.2200,10,4
111,0.2220,10,4
112,0.2240,10,4
113,0.2260,10,4
114,0.2280,10,4
115,0.2300,10,4
116,0.2320,10,4
117,0.2340,10,4
118,0.2360,10,4
119,0.2380,10,4
120,0.2400,10,4
121,0.2420,10,4
122,0.2440,10,4
123,0.2460,10,4
124,0.2480,10,4
125,0.2500,10,4
126,0.2520,10,4
127,0.2540,10,4
128,0.2560,10,4
129,0.2580,10,4
130,0.2600,10,4
131,0.2620,10,4
132,0.2640,10,4
133,0.2660,10,4
134,0.2680,10,4
135,0.2700,10,4
136,0.2720,10,4
137,0.2740,10,4
138,0.2760,10,4
139,0.2780,10,4
140,0.2800,10,4
141,0.2820,10,4
142,0.2840,10,4
143,0.2860,10,4
144,0.2880,10,4
145,0.2900,9,4
146,0.2920,9,4
147,0.2940,9,4
148,0.2960,9,4
149,0.2980,9,4
150,0.3000,9,4
151,0.3020,9,4
152,0.3040,9,4
153,0.3060,9,4
154,0.3080,9,4
155,0.3100,9,4
156,0.3120,9,4
157,0.3140,9,4
158,0.3160,9,4
159,0.3180,9,4
160,0.3200,9,4
161,0.3220,9,4
162,0.3240,9,4
163,0.3260,9,4
164,0.3280,9,4
165,0.3300,9,4
166,0.3320,9,4
167,0.3340,9,4
168,0.3360,9,4
169,0.3380,9,4
170,0.3400,9,4
171,0.3420,9,4
172,0.3440,9,4
173,0.3460,9,4
174,0.3480,9,4
175,0.3500,9,4
176,0.3520,9,4
177,0.3540,9,4
178,0.3560,9,4
179,0.3580,9,4
180,0.3600,9,4
181,0.3620,9,4
182,0.3640,9,4
183,0.3660,9,4
184,0.3680,9,3
185,0.3700,9,3
186,0.3720,9,3
187,0.3740,9,3
188,0.3760,9,3
189,0.3780,9,3
190,0.3800,9,3
191,0.3820,9,3
192,0.3840,9,3
193,0.3860,9,3
194,0.3880,9,3
195,0.3900,9,3
196,0.3920,9,3
197,0.3940,9,3
198,0.3960,9,3
199,0.3980,8,3
200,0.4000,8,3
201,0.4020,8,3
202,0.4040,8,3
203,0.4060,8,3
204,0.4080,8,3
205,0.4100,8,3
206,0.4120,8,3
207,0.4140,8,3
208,0.4160,8,3
209,0.4180,8,3
210,0.4200,8,3
211,0.4220,8,3
212,0.4240,8,3
213,0.4260,8,3
214,0.4280,8,3
215,0.4300,8,3
216,0.4320,8,3
217,0.4340,8,3
218,0.4360,8,3
219,0.4380,8,3
220,0.4400,8,3
221,0.4420,8,2
222,0.4440,7,2
223,0.4460,7,2
224,0.4480,7,2
225,0.4500,7,2
226,0.4520,7,2
227,0.4540,7,2
228,0.4560,7,2
229,0.4580,7,2
230,0.4600,7,2
231,0.4620,7,2
232,0.4640,7,2
233,0.4660,7,2
234,0.4680,7,2
235,0.4700,7,2
236,0.4720,7,2
237,0.4740,7,2
238,0.4760,7,2
239,0.4780,7,2
240,0.4800,7,2
241,0.4820,7,2
242,0.4840,7,2
243,0.4860,6,2
244,0.4880,6,2
245,0.4900,6,2
246,0.4920,6,2
247,0.4940,6,2
248,0.4960,6,2
249,0.4980,6,2
250,0.5000,6,2
251,0.5020,6,2
252,0.5040,6,2
253,0.5060,6,2
254,0.5080,6,2
255,0.5100,6,2
256,0.5120,6,2
257,0.5140,6,2
258,0.5160,6,2
259,0.5180,6,2
260,0.5200,6,2
261,0.5220,6,1
262,0.5240,6,1
263,0.5260,6,1
264,0.5280,5,1
265,0.5300,5,1
266,0.5320,5,1
267,0.5340,5,1
268,0.5360,5,1
269,0.5380,5,1
270,0.5400,5,1
271,0.5420,5,1
272,0.5440,5,1
273,0.5460,5,1
274,0.5480,5,1
275,0.5500,5,1
276,0.5520,5,1
277,0.5540,5,1
278,0.5560,5,1
279,0.5580,5,1
280,0.5600,5,1
281,0.5620,5,1
282,0.5640,5,1
283,0.5660,5,1
284,0.5680,4,1
285,0.5700,4,0
286,0.5720,4,0
287,0.5740,4,0
288,0.5760,4,0
289,0.5780,4,0
290,0.5800,4,0
291,0.5820,4,0
292,0.5840,4,0
293,0.5860,4,0
294,0.5880,4,0
295,0.5900,4,0
296,0.5920,4,0
297,0.5940,4,0
298,0.5960,4,0
299,0.5980,4,0
300,0.6000,4,0
301,0.6020,4,0
302,0.6040,4,0
303,0.6060,4,0
304,0.6080,4,0
305,0.6100,3,0
306,0.6120,3,0
307,0.6140,3,0
308,0.6160,3,0
309,0.6180,3,0
310,0.6200,3,0
311,0.6220,3,0
312,0.6240,3,0
313,0.6260,3,0
314,0.6280,3,0
315,0.6300,3,0
316,0.6320,3,0
317,0.6340,3,-1
318,0.6360,3,-1
319,0.6380,3,-1
320,0.6400,3,-1
321,0.6420,3,-1
322,0.6440,3,-1
323,0.6460,3,-1
324,0.6480,3,-1
325,0.6500,3,-1
326,0.6520,2,-1
327,0.6540,2,-1
328,0.6560,2,-1
329,0.6580,2,-1
330,0.6600,2,-1
331,0.6620,2,-1
332,0.6640,2,-1
333,0.6660,2,-1
334,0.6680,2,-1
335,0.6700,2,-1
336,0.6720,2,-1
337,0.6740,2,-1
338,0.6760,2,-2
339,0.6780,2,-2
340,0.6800,2,-2
341,0.6820,2,-2
342,0.6840,2,-2
343,0.6860,2,-2
344,0.6880,2,-2
345,0.6900,2,-2
346,0.6920,2,-2
347,0.6940,2,-2
348,0.6960,1,-2
349,0.6980,1,-2
350,0.7000,1,-2
351,0.7020,1,-2
352,0.7040,1,-2
353,0.7060,1,-2
354,0.7080,1,-2
355,0.7100,1,-2
356,0.7120,1,-2
357,0.7140,1,-2
358,0.7160,1,-2
359,0.7180,1,-2
360,0.7200,1,-2
361,0.7220,1,-2
362,0.7240,1,-2
363,0.7260,1,-2
364,0.7280,1,-2
365,0.7300,1,-2
366,0.7320,1,-2
367,0.7340,1,-2
368,0.7360,1,-2
369,0.7380,1,-3
370,0.7400,1,-3
371,0.7420,0,-3
372,0.7440,0,-3
373,0.7460,0,-3
374,0.7480,0,-3
375,0.7500,0,-3
376,0.7520,0,-3
377,0.7540,0,-3
378,0.7560,0,-3
379,0.7580,0,-3
380,0.7600,0,-3
381,0.7620,0,-3
382,0.7640,0,-3
383,0.7660,0,-3
384,0.7680,0,-3
385,0.7700,0,-3
386,0.7720,0,-3
387,0.7740,0,-3
388,0.7760,0,-3
389,0.7780,0,-3
390,0.7800,0,-3
391,0.7820,0,-3
392,0.7840,0,-3
393,0.7860,0,-4
394,0.7880,0,-4
395,0.7900,0,-4
396,0.7920,0,-4
397,0.7940,-1,-4
398,0.7960,-1,-4
399,0.7980,-1,-4
400,0.8000,-1,-4
401,0.8020,-1,-4
402,0.8040,-1,-4
403,0.8060,-1,-4
404,0.8080,-1,-4
405,0.8100,-1,-4
406,0.8120,-1,-4
407,0.8140,-1,-4
408,0.8160,-1,-4
409,0.8180,-1,-4
410,0.8200,-1,-4
411,0.8220,-1,-4
412,0.8240,-1,-4
413,0.8260,-1,-4
414,0.8280,-1,-4
415,0.8300,-1,-4
416,0.8320,-1,-4
417,0.8340,-1,-4
418,0.8360,-1,-4
419,0.8380,-1,-4
420,0.8400,-1,-4
421,0.8420,-1,-4
422,0.8440,-1,-4
423,0.8460,-1,-4
424,0.8480,-1,-4
425,0.8500,-1,-4
426,0.8520,-1,-4
427,0.8540,-2,-4
428,0.8560,-2,-4
429,0.8580,-2,-4
430,0.8600,-2,-5
431,0.8620,-2,-5
432,0.8640,-2,-5
433,0.8660,-2,-5
434,0.8680,-2,-5
435,0.8700,-2,-5
436,0.8720,-2,-5
437,0.8740,-2,-5
438,0.8760,-2,-5
439,0.8780,-2,-5
440,0.8800,-2,-5
441,0.8820,-2,-5
442,0.8840,-2,-5
443,0.8860,-2,-5
444,0.8880,-2,-5
445,0.8900,-2,-5
446,0.8920,-2,-5
447,0.8940,-2,-5
448,0.8960,-2,-5
449,0.8980,-2,-5
450,0.9000,-2,-5
451,0.9020,-2,-5
452,0.9040,-2,-5
453,0.9060,-2,-5
454,0.9080,-2,-5
455,0.9100,-2,-5
456,0.9120,-2,-5
457,0.9140,-2,-5
458,0.9160,-2,-5
459,0.9180,-2,-5
460,0.9200,-2,-5
461,0.9220,-2,-5
462,0.9240,-2,-5
463,0.9260,-2,-5
464,0.9280,-2,-5
465,0.9300,-2,-5
466,0.9320,-2,-6
467,0.9340,-2,-6
468,0.9360,-2,-6
469,0.9380,-2,-6
470,0.9400,-2,-6
471,0.9420,-3,-6
472,0.9440,-3,-6
473,0.9460,-3,-6
474,0.9480,-3,-6
475,0.9500,-3,-6
476,0.9520,-3,-6
477,0.9540,-3,-6
478,0.9560,-3,-6
479,0.9580,-3,-6
480,0.9600,-3,-6
481,0.9620,-3,-6
482,0.9640,-3,-6
483,0.9660,-3,-6
484,0.9680,-3,-6
485,0.9700,-3,-6
486,0.9720,-3,-6
487,0.9740,-3,-6
488,0.9760,-3,-6
489,0.9780,-3,-6
490,0.9800,-3,-6
491,0.9820,-3,-6
492,0.9840,-3,-6
493,0.9860,-3,-6
494,0.9880,-3,-6
495,0.9900,-3,-6
496,0.9920,-3,-6
497,0.9940,-3,-6
498,0.9960,-3,-6
499,0.9980,-3,-6
500,1.0000,-3,-6
501,1.0020,-3,-6
502,1.0040,-3,-6
503,1.0060,-3,-6
504,1.0080,-3,-6
505,1.0100,-3,-6
506,1.0120,-3,-6
507,1.0140,-3,-6
508,1.0160,-3,-6
509,1.0180,-3,-6
510,1.0200,-3,-6
511,1.0220,-3,-6
512,1.0240,-3,-6
513,1.0260,-3,-6
514,1.0280,-3,-6
515,1.0300,-3,-6
516,1.0320,-3,-6
517,1.0340,-3,-6
518,1.0360,-3,-6
519,1.0380,-3,-6
520,1.0400,-3,-6
521,1.0420,-3,-6
522,1.0440,-3,-6
523,1.0460,-3,-6
524,1.0480,-3,-6
525,1.0500,-3,-6
526,1.0520,-3,-6
527,1.0540,-3,-6
528,1.0560,-3,-6
529,1.0580,-3,-6
530,1.0600,-3,-6
531,1.0620,-3,-6
532,1.0640,-3,-6
533,1.0660,-3,-6
534,1.0680,-3,-6
535,1.0700,-3,-6
536,1.0720,-3,-6
537,1.0740,-3,-6
538,1.0760,-3,-6
539,1.0780,-3,-6
540,1.0800,-3,-6
541,1.0820,-3,-6
542,1.0840,-3,-6
543,1.0860,-3,-6
544,1.0880,-3,-6
545,1.0900,-3,-6
546,1.0920,-3,-6
547,1.0940,-3,-6
548,1.0960,-3,-6
549,1.0980,-3,-6
550,1.1000,-3,-6
551,1.1020,-3,-6
552,1.1040,-3,-6
553,1.1060,-3,-6
554,1.1080,-3,-6
555,1.1100,-3,-6
556,1.1120,-3,-6
557,1.1140,-3,-6
558,1.1160,-3,-6
559,1.1180,-3,-6
560,1.1200,-3,-6
561,1.1220,-3,-6
562,1.1240,-3,-6
563,1.1260,-3,-6
564,1.1280,-3,-6
565,1.1300,-3,-6
566,1.1320,-3,-6
567,1.1340,-3,-6
568,1.1360,-3,-6
569,1.1380,-3,-6
570,1.1400,-3,-6
571,1.1420,-3,-6
572,1.1440,-3,-6
573,1.1460,-3,-6
574,1.1480,-3,-6
575,1.1500,-3,-5
576,1.1520,-3,-5
577,1.1540,-3,-5
578,1.1560,-3,-5
579,1.1580,-3,-5
580,1.1600,-3,-5
581,1.1620,-3,-5
582,1.1640,-3,-5
583,1.1660,-2,-5
584,1.1680,-2,-5
585,1.1700,-2,-5
586,1.1720,-2,-5
587,1.1740,-2,-5
588,1.1760,-2,-5
589,1.1780,-2,-5
590,1.1800,-2,-5
591,1.1820,-2,-5
592,1.1840,-2,-5
593,1.1860,-2,-5
594,1.1880,-2,-5
595,1.1900,-2,-5
596,1.1920,-2,-5
597,1.1940,-2,-5
598,1.1960,-2,-5
599,1.1980,-2,-5
600,1.2000,-2,-5
601,1.2020,-2,-5
602,1.2040,-2,-5
603,1.2060,-2,-5
604,1.2080,-2,-5
605,1.2100,-2,-5
606,1.2120,-2,-5
607,1.2140,-2,-5
608,1.2160,-2,-5
609,1.2180,-2,-5
610,1.2200,-2,-5
611,1.2220,-2,-5
612,1.2240,-2,-4
613,1.2260,-2,-4
614,1.2280,-2,-4
615,1.2300,-2,-4
616,1.2320,-2,-4
617,1.2340,-2,-4
618,1.2360,-2,-4
619,1.2380,-2,-4
620,1.2400,-2,-4
621,1.2420,-2,-4
622,1.2440,-2,-4
623,1.2460,-2,-4
624,1.2480,-2,-4
625,1.2500,-2,-4
626,1.2520,-1,-4
627,1.2540,-1,-4
628,1.2560,-1,-4
629,1.2580,-1,-4
630,1.2600,-1,-4
631,1.2620,-1,-4
632,1.2640,-1,-4
633,1.2660,-1,-4
634,1.2680,-1,-4
635,1.2700,-1,-4
636,1.2720,-1,-4
637,1.2740,-1,-4
638,1.2760,-1,-4
639,1.2780,-1,-4
640,1.2800,-1,-4
641,1.2820,-1,-4
642,1.2840,-1,-4
643,1.2860,-1,-4
644,1.2880,-1,-4
645,1.2900,-1,-4
646,1.2920,-1,-4
647,1.2940,-1,-4
648,1.2960,-1,-4
649,1.2980,-1,-4
650,1.3000,-1,-4
651,1.3020,-1,-4
652,1.3040,-1,-4
653,1.3060,-1,-3
654,1.3080,-1,-3
655,1.3100,-1,-3
656,1.3120,0,-3
657,1.3140,0,-3
658,1.3160,0,-3
659,1.3180,0,-3
660,1.3200,0,-3
661,1.3220,0,-3
662,1.3240,0,-3
663,1.3260,0,-3
664,1.3280,0,-3
665,1.3300,0,-3
666,1.3320,0,-3
667,1.3340,0,-3
668,1.3360,0,-3
669,1.3380,0,-3
670,1.3400,0,-3
671,1.3420,0,-3
672,1.3440,0,-3
673,1.3460,0,-3
674,1.3480,0,-3
675,1.3500,0,-3
676,1.3520,0,-3
677,1.3540,0,-3
678,1.3560,0,-3
679,1.3580,0,-2
680,1.3600,0,-2
681,1.3620,0,-2
682,1.3640,1,-2
683,1.3660,1,-2
684,1.3680,1,-2
685,1.3700,1,-2
686,1.3720,1,-2
687,1.3740,1,-2
688,1.3760,1,-2
689,1.3780,1,-2
690,1.3800,1,-2
691,1.3820,1,-2
692,1.3840,1,-2
693,1.3860,1,-2
694,1.3880,1,-2
695,1.3900,1,-2
696,1.3920,1,-2
697,1.3940,1,-2
698,1.3960,1,-2
699,1.3980,1,-2
700,1.4000,1,-2
701,1.4020,1,-2
702,1.4040,1,-2
703,1.4060,1,-2
704,1.4080,1,-2
705,1.4100,2,-2
706,1.4120,2,-2
707,1.4140,2,-2
708,1.4160,2,-2
709,1.4180,2,-2
710,1.4200,2,-2
711,1.4220,2,-2
712,1.4240,2,-2
713,1.4260,2,-2
714,1.4280,2,-2
715,1.4300,2,-1
716,1.4320,2,-1
717,1.4340,2,-1
718,1.4360,2,-1
719,1.4380,2,-1
720,1.4400,2,-1
721,1.4420,2,-1
722,1.4440,2,-1
723,1.4460,2,-1
724,1.4480,2,-1
725,1.4500,2,-1
726,1.4520,2,-1
727,1.4540,3,-1
728,1.4560,3,-1
729,1.4580,3,-1
730,1.4600,3,-1
731,1.4620,3,-1
732,1.4640,3,-1
733,1.4660,3,-1
734,1.4680,3,-1
735,1.4700,3,-1
736,1.4720,3,-1
737,1.4740,3,-1
738,1.4760,3,-1
739,1.4780,3,-1
740,1.4800,3,-1
741,1.4820,3,0
742,1.4840,3,0
743,1.4860,3,0
744,1.4880,3,0
745,1.4900,3,0
746,1.4920,3,0
747,1.4940,3,0
748,1.4960,3,0
749,1.4980,4,0
750,1.5000,4,0
751,1.5020,4,0
752,1.5040,4,0
753,1.5060,4,0
754,1.5080,4,0
755,1.5100,4,0
756,1.5120,4,0
757,1.5140,4,0
758,1.5160,4,0
759,1.5180,4,0
760,1.5200,4,0
761,1.5220,4,0
762,1.5240,4,0
763,1.5260,4,0
764,1.5280,4,0
765,1.5300,4,0
766,1.5320,4,0
767,1.5340,4,0
768,1.5360,4,0
769,1.5380,5,0
770,1.5400,5,0
771,1.5420,5,0
772,1.5440,5,0
773,1.5460,5,0
774,1.5480,5,0
775,1.5500,5,0
776,1.5520,5,0
777,1.5540,5,0
778,1.5560,5,0
779,1.5580,5,0
780,1.5600,5,0
781,1.5620,5,0
782,1.5640,5,0
783,1.5660,5,1
784,1.5680,5,1
785,1.5700,5,1
786,1.5720,5,1
787,1.5740,5,1
788,1.5760,5,1
789,1.5780,6,1
790,1.5800,6,1
791,1.5820,6,1
792,1.5840,6,1
793,1.5860,6,1
794,1.5880,6,1
795,1.5900,6,1
796,1.5920,6,1
797,1.5940,6,1
798,1.5960,6,1
799,1.5980,6,1
800,1.6000,6,1
801,1.6020,6,1
802,1.6040,6,1
803,1.6060,6,1
804,1.6080,6,1
805,1.6100,6,1
806,1.6120,6,1
807,1.6140,6,1
808,1.6160,6,1
809,1.6180,6,1
810,1.6200,7,1
811,1.6220,7,1
812,1.6240,7,1
813,1.6260,7,1
814,1.6280,7,1
815,1.6300,7,1
816,1.6320,7,2
817,1.6340,7,2
818,1.6360,7,2
819,1.6380,7,2
820,1.6400,7,2
821,1.6420,7,2
822,1.6440,7,2
823,1.6460,7,2
824,1.6480,7,2
825,1.6500,7,2
826,1.6520,7,2
827,1.6540,7,2
828,1.6560,7,2
829,1.6580,7,2
830,1.6600,7,2
831,1.6620,7,2
832,1.6640,8,2
833,1.6660,8,2
834,1.6680,8,2
835,1.6700,8,2
836,1.6720,8,2
837,1.6740,8,2
838,1.6760,8,2
839,1.6780,8,2
840,1.6800,8,2
841,1.6820,8,2
842,1.6840,8,2
843,1.6860,8,2
844,1.6880,8,2
845,1.6900,8,2
846,1.6920,8,2
847,1.6940,8,2
848,1.6960,8,2
849,1.6980,8,2
850,1.7000,8,2
851,1.7020,8,2
852,1.7040,8,2
853,1.7060,8,2
854,1.7080,8,2
855,1.7100,9,2
856,1.7120,9,2
857,1.7140,9,2
858,1.7160,9,2
859,1.7180,9,2
860,1.7200,9,2
861,1.7220,9,2
862,1.7240,9,2
863,1.7260,9,2
864,1.7280,9,2
865,1.7300,9,2
866,1.7320,9,2
867,1.7340,9,2
868,1.7360,9,2
869,1.7380,9,2
870,1.7400,9,2
871,1.7420,9,2
872,1.7440,9,2
873,1.7460,9,2
874,1.7480,9,2
875,1.7500,9,2
876,1.7520,9,3
877,1.7540,9,3
878,1.7560,9,3
879,1.7580,9,3
880,1.7600,9,3
881,1.7620,9,3
882,1.7640,9,3
883,1.7660,9,3
884,1.7680,9,3
885,1.7700,9,3
886,1.7720,9,3
887,1.7740,9,3
888,1.7760,9,3
889,1.7780,9,3
890,1.7800,9,3
891,1.7820,9,3
892,1.7840,9,3
893,1.7860,9,3
894,1.7880,9,3
895,1.7900,9,3
896,1.7920,9,3
897,1.7940,9,3
898,1.7960,9,3
899,1.7980,9,3
900,1.8000,9,3
901,1.8020,9,3
902,1.8040,9,3
903,1.8060,9,3
904,1.8080,9,3
905,1.8100,9,3
906,1.8120,9,3
907,1.8140,9,3
908,1.8160,9,3
909,1.8180,9,3
910,1.8200,10,3
911,1.8220,10,3
912,1.8240,10,3
913,1.8260,10,3
914,1.8280,10,3
915,1.8300,10,3
916,1.8320,10,3
917,1.8340,10,3
918,1.8360,10,3
919,1.8380,10,3
920,1.8400,10,3
921,1.8420,10,3
922,1.8440,10,3
923,1.8460,10,3
924,1.8480,10,3
925,1.8500,10,3
926,1.8520,10,3
927,1.8540,10,3
928,1.8560,10,3
929,1.8580,10,3
930,1.8600,10,3
931,1.8620,10,3
932,1.8640,10,4
933,1.8660,10,4
934,1.8680,10,4
935,1.8700,10,4
936,1.8720,10,4
937,1.8740,10,4
938,1.8760,10,4
939,1.8780,10,4
940,1.8800,10,4
941,1.8820,10,4
942,1.8840,10,4
943,1.8860,10,4
944,1.8880,10,4
945,1.8900,10,4
946,1.8920,10,4
947,1.8940,10,4
948,1.8960,10,4
949,1.8980,10,4
950,1.9000,10,4
951,1.9020,10,4
952,1.9040,10,4
953,1.9060,10,4
954,1.9080,10,4
955,1.9100,10,4
956,1.9120,10,4
957,1.9140,10,4
958,1.9160,10,4
959,1.9180,10,4
960,1.9200,10,4
961,1.9220,10,4
962,1.9240,10,4
963,1.9260,10,4
964,1.9280,10,4
965,1.9300,10,4
966,1.9320,10,4
967,1.9340,10,4
968,1.9360,10,4
969,1.9380,10,4
970,1.9400,10,4
971,1.9420,10,4
972,1.9440,10,4
973,1.9460,10,4
974,1.9480,10,4
975,1.9500,10,4
976,1.9520,10,4
977,1.9540,10,4
978,1.9560,10,4
979,1.9580,10,4
980,1.9600,10,4
981,1.9620,10,4
982,1.9640,10,4
983,1.9660,10,4
984,1.9680,10,4
985,1.9700,10,4
986,1.9720,10,4
987,1.9740,10,4
988,1.9760,10,4
989,1.9780,10,4
990,1.9800,10,4
991,1.9820,10,4
992,1.9840,10,4
993,1.9860,10,4
994,1.9880,10,4
995,1.9900,10,4
996,1.9920,10,4
997,1.9940,10,4
998,1.9960,10,4
999,1.9980,10,4
1000,2.0000,10,4
1001,2.0020,10,4
1002,2.0040,10,4
1003,2.0060,10,4
1004,2.0080,10,4
1005,2.0100,10,4
1006,2.0120,10,4
1007,2.0140,10,4
1008,2.0160,10,4
1009,2.0180,10,4
1010,2.0200,10,4
1011,2.0220,10,4
1012,2.0240,10,4
1013,2.0260,10,4
1014,2.0280,10,4
1015,2.0300,10,4
1016,2.0320,10,4
1017,2.0340,10,4
1018,2.0360,10,4
1019,2.0380,10,4
1020,2.0400,10,4
1021,2.0420,10,4
1022,2.0440,10,4
1023,2.0460,10,4
1024,2.0480,10,4
1025,2.0500,10,4
1026,2.0520,10,4
1027,2.0540,10,4
1028,2.0560,10,4
1029,2.0580,10,4
1030,2.0600,10,4
1031,2.0620,10,4
1032,2.0640,10,4
1033,2.0660,10,4
1034,2.0680,10,4
1035,2.0700,10,4
1036,2.0720,10,4
1037,2.0740,10,4
1038,2.0760,10,4
1039,2.0780,10,4
1040,2.0800,10,4
1041,2.0820,10,4
1042,2.0840,10,4
1043,2.0860,10,4
1044,2.0880,10,4
1045,2.0900,10,4
1046,2.0920,10,4
1047,2.0940,10,4
1048,2.0960,10,4
1049,2.0980,10,4
1050,2.1000,10,4
1051,2.1020,10,4
1052,2.1040,10,4
1053,2.1060,10,4
1054,2.1080,10,4
1055,2.1100,10,4
1056,2.1120,10,4
1057,2.1140,10,4
1058,2.1160,10,4
1059,2.1180,10,4
1060,2.1200,10,4
1061,2.1220,10,4
1062,2.1240,10,4
1063,2.1260,10,4
1064,2.1280,10,4
1065,2.1300,10,4
1066,2.1320,10,4
1067,2.1340,10,4
1068,2.1360,10,4
1069,2.1380,10,4
1070,2.1400,10,4
1071,2.1420,10,4
1072,2.1440,10,4
1073,2.1460,10,4
1074,2.1480,10,4
1075,2.1500,10,4
1076,2.1520,10,4
1077,2.1540,10,4
1078,2.1560,10,4
1079,2.1580,10,4
1080,2.1600,10,4
1081,2.1620,10,4
1082,2.1640,10,4
1083,2.1660,10,4
1084,2.1680,10,4
1085,2.1700,10,4
1086,2.1720,10,4
1087,2.1740,10,4
1088,2.1760,10,4
1089,2.1780,10,4
1090,2.1800,10,4
1091,2.1820,10,4
1092,2.1840,10,4
1093,2.1860,10,4
1094,2.1880,10,4
1095,2.1900,10,4
1096,2.1920,10,4
1097,2.1940,10,4
1098,2.1960,10,4
1099,2.1980,10,4
1100,2.2000,10,4
1101,2.2020,10,4
1102,2.2040,10,4
1103,2.2060,10,4
1104,2.2080,10,4
1105,2.2100,10,4
1106,2.2120,10,4
1107,2.2140,10,4
1108,2.2160,10,4
1109,2.2180,10,4
1110,2.2200,10,4
1111,2.2220,10,4
1112,2.2240,10,4
1113,2.2260,10,4
1114,2.2280,10,4
1115,2.2300,10,4
1116,2.2320,10,4
1117,2.2340,10,4
1118,2.2360,10,4
1119,2.2380,9,4
1120,2.2400,9,4
1121,2.2420,9,4
1122,2.2440,9,4
1123,2.2460,9,4
1124,2.2480,9,4
1125,2.2500,9,4
1126,2.2520,9,4
1127,2.2540,9,4
1128,2.2560,9,4
1129,2.2580,9,4
1130,2.2600,9,4
1131,2.2620,9,4
1132,2.2640,9,4
1133,2.2660,9,4
1134,2.2680,9,4
1135,2.2700,9,4
1136,2.2720,9,4
1137,2.2740,9,4
1138,2.2760,9,4
1139,2.2780,9,4
1140,2.2800,9,4
1141,2.2820,9,4
1142,2.2840,9,4
1143,2.2860,9,4
1144,2.2880,9,4
1145,2.2900,9,4
1146,2.2920,9,4
1147,2.2940,9,4
1148,2.2960,9,4
1149,2.2980,9,4
1150,2.3000,9,4
1151,2.3020,9,4
1152,2.3040,9,4
1153,2.3060,9,4
1154,2.3080,9,4
1155,2.3100,9,4
1156,2.3120,9,4
1157,2.3140,9,4
1158,2.3160,9,4
1159,2.3180,9,4
1160,2.3200,9,4
1161,2.3220,9,4
1162,2.3240,9,4
1163,2.3260,9,4
1164,2.3280,9,4
1165,2.3300,9,4
1166,2.3320,9,4
1167,2.3340,9,4
1168,2.3360,9,4
1169,2.3380,9,4
1170,2.3400,9,4
1171,2.3420,9,3
1172,2.3440,9,3
1173,2.3460,8,3
1174,2.3480,8,3
1175,2.3500,8,3
1176,2.3520,8,3
1177,2.3540,8,3
1178,2.3560,8,3
1179,2.3580,8,3
1180,2.3600,8,3
1181,2.3620,8,3
1182,2.3640,8,3
1183,2.3660,8,3
1184,2.3680,8,3
1185,2.3700,8,3
1186,2.3720,8,3
1187,2.3740,8,3
1188,2.3760,8,3
1189,2.3780,8,3
1190,2.3800,8,3
1191,2.3820,8,3
1192,2.3840,8,3
1193,2.3860,8,3
1194,2.3880,8,3
1195,2.3900,8,3
1196,2.3920,8,3
1197,2.3940,7,3
1198,2.3960,7,3
1199,2.3980,7,3
1200,2.4000,7,3
1201,2.4020,7,3
1202,2.4040,7,3
1203,2.4060,7,3
1204,2.4080,7,2
1205,2.4100,7,2
1206,2.4120,7,2
1207,2.4140,7,2
1208,2.4160,7,2
1209,2.4180,7,2
1210,2.4200,7,2
1211,2.4220,7,2
1212,2.4240,7,2
1213,2.4260,7,2
1214,2.4280,7,2
1215,2.4300,7,2
1216,2.4320,7,2
1217,2.4340,7,2
1218,2.4360,6,2
1219,2.4380,6,2
1220,2.4400,6,2
1221,2.4420,6,2
1222,2.4440,6,2
1223,2.4460,6,2
1224,2.4480,6,2
1225,2.4500,6,2
1226,2.4520,6,2
1227,2.4540,6,2
1228,2.4560,6,2
1229,2.4580,6,2
1230,2.4600,6,2
1231,2.4620,6,2
1232,2.4640,6,2
1233,2.4660,6,2
1234,2.4680,6,2
1235,2.4700,6,2
1236,2.4720,6,2
1237,2.4740,6,2
1238,2.4760,6,2
1239,2.4780,5,2
1240,2.4800,5,2
1241,2.4820,5,2
1242,2.4840,5,1
1243,2.4860,5,1
1244,2.4880,5,1
1245,2.4900,5,1
1246,2.4920,5,1
1247,2.4940,5,1
1248,2.4960,5,1
1249,2.4980,5,1
1250,2.5000,5,1
1251,2.5020,5,1
1252,2.5040,5,1
1253,2.5060,5,1
1254,2.5080,5,1
1255,2.5100,5,1
1256,2.5120,5,1
1257,2.5140,5,1
1258,2.5160,5,1
1259,2.5180,4,1
1260,2.5200,4,1
1261,2.5220,4,1
1262,2.5240,4,1
1263,2.5260,4,1
1264,2.5280,4,0
1265,2.5300,4,0
1266,2.5320,4,0
1267,2.5340,4,0
1268,2.5360,4,0
1269,2.5380,4,0
1270,2.5400,4,0
1271,2.5420,4,0
1272,2.5440,4,0
1273,2.5460,4,0
1274,2.5480,4,0
1275,2.5500,4,0
1276,2.5520,4,0
1277,2.5540,4,0
1278,2.5560,4,0
1279,2.5580,4,0
1280,2.5600,3,0
1281,2.5620,3,0
1282,2.5640,3,0
1283,2.5660,3,0
1284,2.5680,3,0
1285,2.5700,3,0
1286,2.5720,3,0
1287,2.5740,3,0
1288,2.5760,3,0
1289,2.5780,3,0
1290,2.5800,3,0
1291,2.5820,3,0
1292,2.5840,3,0
1293,2.5860,3,0
1294,2.5880,3,-1
1295,2.5900,3,-1
1296,2.5920,3,-1
1297,2.5940,3,-1
1298,2.5960,3,-1
1299,2.5980,3,-1
1300,2.6000,3,-1
1301,2.6020,2,-1
1302,2.6040,2,-1
1303,2.6060,2,-1
1304,2.6080,2,-1
1305,2.6100,2,-1
1306,2.6120,2,-1
1307,2.6140,2,-1
1308,2.6160,2,-1
1309,2.6180,2,-1
1310,2.6200,2,-1
1311,2.6220,2,-1
1312,2.6240,2,-1
1313,2.6260,2,-2
1314,2.6280,2,-2
1315,2.6300,2,-2
1316,2.6320,2,-2
1317,2.6340,2,-2
1318,2.6360,2,-2
1319,2.6380,2,-2
1320,2.6400,2,-2
1321,2.6420,2,-2
1322,2.6440,2,-2
1323,2.6460,1,-2
1324,2.6480,1,-2
1325,2.6500,1,-2
1326,2.6520,1,-2
1327,2.6540,1,-2
1328,2.6560,1,-2
1329,2.6580,1,-2
1330,2.6600,1,-2
1331,2.6620,1,-2
1332,2.6640,1,-2
1333,2.6660,1,-2
1334,2.6680,1,-2
1335,2.6700,1,-2
1336,2.6720,1,-2
1337,2.6740,1,-2
1338,2.6760,1,-2
1339,2.6780,1,-2
1340,2.6800,1,-2
1341,2.6820,1,-2
1342,2.6840,1,-2
1343,2.6860,1,-3
1344,2.6880,1,-3
1345,2.6900,1,-3
1346,2.6920,0,-3
1347,2.6940,0,-3
1348,2.6960,0,-3
1349,2.6980,0,-3
1350,2.7000,0,-3
1351,2.7020,0,-3
1352,2.7040,0,-3
1353,2.7060,0,-3
1354,2.7080,0,-3
1355,2.7100,0,-3
1356,2.7120,0,-3
1357,2.7140,0,-3
1358,2.7160,0,-3
1359,2.7180,0,-3
1360,2.7200,0,-3
1361,2.7220,0,-3
1362,2.7240,0,-3
1363,2.7260,0,-3
1364,2.7280,0,-4
1365,2.7300,0,-4
1366,2.7320,0,-4
1367,2.7340,0,-4
1368,2.7360,0,-4
1369,2.7380,0,-4
1370,2.7400,0,-4
1371,2.7420,0,-4
1372,2.7440,-1,-4
1373,2.7460,-1,-4
1374,2.7480,-1,-4
1375,2.7500,-1,-4
1376,2.7520,-1,-4
1377,2.7540,-1,-4
1378,2.7560,-1,-4
1379,2.7580,-1,-4
1380,2.7600,-1,-4
1381,2.7620,-1,-4
1382,2.7640,-1,-4
1383,2.7660,-1,-4
1384,2.7680,-1,-4
1385,2.7700,-1,-4
1386,2.7720,-1,-4
1387,2.7740,-1,-4
1388,2.7760,-1,-4
1389,2.7780,-1,-4
1390,2.7800,-1,-4
1391,2.7820,-1,-4
1392,2.7840,-1,-4
1393,2.7860,-1,-4
1394,2.7880,-1,-4
1395,2.7900,-1,-4
1396,2.7920,-1,-4
1397,2.7940,-1,-4
1398,2.7960,-1,-4
1399,2.7980,-1,-5
1400,2.8000,-1,-5
1401,2.8020,-1,-5
1402,2.8040,-1,-5
1403,2.8060,-2,-5
1404,2.8080,-2,-5
1405,2.8100,-2,-5
1406,2.8120,-2,-5
1407,2.8140,-2,-5
1408,2.8160,-2,-5
1409,2.8180,-2,-5
1410,2.8200,-2,-5
1411,2.8220,-2,-5
1412,2.8240,-2,-5
1413,2.8260,-2,-5
1414,2.8280,-2,-5
1415,2.8300,-2,-5
1416,2.8320,-2,-5
1417,2.8340,-2,-5
1418,2.8360,-2,-5
1419,2.8380,-2,-5
1420,2.8400,-2,-5
1421,2.8420,-2,-5
1422,2.8440,-2,-5
1423,2.8460,-2,-5
1424,2.8480,-2,-5
1425,2.8500,-2,-5
1426,2.8520,-2,-5
1427,2.8540,-2,-5
1428,2.8560,-2,-5
1429,2.8580,-2,-5
1430,2.8600,-2,-5
1431,2.8620,-2,-6
1432,2.8640,-2,-6
1433,2.8660,-2,-6
1434,2.8680,-2,-6
1435,2.8700,-2,-6
1436,2.8720,-2,-6
1437,2.8740,-2,-6
1438,2.8760,-2,-6
1439,2.8780,-2,-6
1440,2.8800,-2,-6
1441,2.8820,-2,-6
1442,2.8840,-2,-6
1443,2.8860,-2,-6
1444,2.8880,-2,-6
1445,2.8900,-2,-6
1446,2.8920,-2,-6
1447,2.8940,-2,-6
1448,2.8960,-3,-6
1449,2.8980,-3,-6
1450,2.9000,-3,-6
1451,2.9020,-3,-6
1452,2.9040,-3,-6
1453,2.9060,-3,-6
1454,2.9080,-3,-6
1455,2.9100,-3,-6
1456,2.9120,-3,-6
1457,2.9140,-3,-6
1458,2.9160,-3,-6
1459,2.9180,-3,-6
1460,2.9200,-3,-6
1461,2.9220,-3,-6
1462,2.9240,-3,-6
1463,2.9260,-3,-6
1464,2.9280,-3,-6
1465,2.9300,-3,-6
1466,2.9320,-3,-6
1467,2.9340,-3,-6
1468,2.9360,-3,-6
1469,2.9380,-3,-6
1470,2.9400,-3,-6
1471,2.9420,-3,-6
1472,2.9440,-3,-6
1473,2.9460,-3,-6
1474,2.9480,-3,-6
1475,2.9500,-3,-6
1476,2.9520,-3,-6
1477,2.9540,-3,-6
1478,2.9560,-3,-6
1479,2.9580,-3,-6
1480,2.9600,-3,-6
1481,2.9620,-3,-6
1482,2.9640,-3,-6
1483,2.9660,-3,-6
1484,2.9680,-3,-6
1485,2.9700,-3,-6
1486,2.9720,-3,-6
1487,2.9740,-3,-6
1488,2.9760,-3,-6
1489,2.9780,-3,-6
1490,2.9800,-3,-6
1491,2.9820,-3,-6
1492,2.9840,-3,-6
1493,2.9860,-3,-6
1494,2.9880,-3,-6
1495,2.9900,-3,-6
1496,2.9920,-3,-6
1497,2.9940,-3,-6
1498,2.9960,-3,-6
1499,2.9980,-3,-6
1500,3.0000,-3,-6
1501,3.0020,-3,-6
1502,3.0040,-3,-6
1503,3.0060,-3,-6
1504,3.0080,-3,-6
1505,3.0100,-3,-6
1506,3.0120,-3,-6
1507,3.0140,-3,-6
1508,3.0160,-3,-6
1509,3.0180,-3,-6
1510,3.0200,-3,-6
1511,3.0220,-3,-6
1512,3.0240,-3,-6
1513,3.0260,-3,-6
1514,3.0280,-3,-6
1515,3.0300,-3,-6
1516,3.0320,-3,-6
1517,3.0340,-3,-6
1518,3.0360,-3,-6
1519,3.0380,-3,-6
1520,3.0400,-3,-6
1521,3.0420,-3,-6
1522,3.0440,-3,-6
1523,3.0460,-3,-6
1524,3.0480,-3,-6
1525,3.0500,-3,-6
1526,3.0520,-3,-6
1527,3.0540,-3,-6
1528,3.0560,-3,-6
1529,3.0580,-3,-6
1530,3.0600,-3,-6
1531,3.0620,-3,-6
1532,3.0640,-3,-6
1533,3.0660,-3,-6
1534,3.0680,-3,-6
1535,3.0700,-3,-6
1536,3.0720,-3,-6
1537,3.0740,-3,-6
1538,3.0760,-3,-6
1539,3.0780,-3,-6
1540,3.0800,-3,-6
1541,3.0820,-3,-6
1542,3.0840,-3,-6
1543,3.0860,-3,-6
1544,3.0880,-3,-6
1545,3.0900,-3,-6
1546,3.0920,-3,-6
1547,3.0940,-3,-6
1548,3.0960,-3,-6
1549,3.0980,-3,-6
1550,3.1000,-3,-6
1551,3.1020,-3,-6
1552,3.1040,-3,-6
1553,3.1060,-3,-6
1554,3.1080,-3,-6
1555,3.1100,-3,-5
1556,3.1120,-3,-5
1557,3.1140,-2,-5
1558,3.1160,-2,-5
1559,3.1180,-2,-5
1560,3.1200,-2,-5
1561,3.1220,-2,-5
1562,3.1240,-2,-5
1563,3.1260,-2,-5
1564,3.1280,-2,-5
1565,3.1300,-2,-5
1566,3.1320,-2,-5
1567,3.1340,-2,-5
1568,3.1360,-2,-5
1569,3.1380,-2,-5
1570,3.1400,-2,-5
1571,3.1420,-2,-5
1572,3.1440,-2,-5
1573,3.1460,-2,-5
1574,3.1480,-2,-5
1575,3.1500,-2,-5
1576,3.1520,-2,-5
1577,3.1540,-2,-5
1578,3.1560,-2,-5
1579,3.1580,-2,-5
1580,3.1600,-2,-5
1581,3.1620,-2,-5
1582,3.1640,-2,-5
1583,3.1660,-2,-5
1584,3.1680,-2,-5
1585,3.1700,-2,-5
1586,3.1720,-2,-5
1587,3.1740,-2,-5
1588,3.1760,-2,-4
1589,3.1780,-2,-4
1590,3.1800,-2,-4
1591,3.1820,-2,-4
1592,3.1840,-2,-4
1593,3.1860,-2,-4
1594,3.1880,-2,-4
1595,3.1900,-2,-4
1596,3.1920,-2,-4
1597,3.1940,-2,-4
1598,3.1960,-2,-4
1599,3.1980,-2,-4
1600,3.2000,-2,-4
1601,3.2020,-1,-4
1602,3.2040,-1,-4
1603,3.2060,-1,-4
1604,3.2080,-1,-4
1605,3.2100,-1,-4
1606,3.2120,-1,-4
1607,3.2140,-1,-4
1608,3.2160,-1,-4
1609,3.2180,-1,-4
1610,3.2200,-1,-4
1611,3.2220,-1,-4
1612,3.2240,-1,-4
1613,3.2260,-1,-4
1614,3.2280,-1,-4
1615,3.2300,-1,-4
1616,3.2320,-1,-4
1617,3.2340,-1,-4
1618,3.2360,-1,-4
1619,3.2380,-1,-4
1620,3.2400,-1,-4
1621,3.2420,-1,-4
1622,3.2440,-1,-4
1623,3.2460,-1,-4
1624,3.2480,-1,-4
1625,3.2500,-1,-4
1626,3.2520,-1,-4
1627,3.2540,-1,-3
1628,3.2560,-1,-3
1629,3.2580,-1,-3
1630,3.2600,-1,-3
1631,3.2620,0,-3
1632,3.2640,0,-3
1633,3.2660,0,-3
1634,3.2680,0,-3
1635,3.2700,0,-3
1636,3.2720,0,-3
1637,3.2740,0,-3
1638,3.2760,0,-3
1639,3.2780,0,-3
1640,3.2800,0,-3
1641,3.2820,0,-3
1642,3.2840,0,-3
1643,3.2860,0,-3
1644,3.2880,0,-3
1645,3.2900,0,-3
1646,3.2920,0,-3
1647,3.2940,0,-3
1648,3.2960,0,-3
1649,3.2980,0,-3
1650,3.3000,0,-3
1651,3.3020,0,-3
1652,3.3040,0,-2
1653,3.3060,0,-2
1654,3.3080,0,-2
1655,3.3100,0,-2
1656,3.3120,0,-2
1657,3.3140,1,-2
1658,3.3160,1,-2
1659,3.3180,1,-2
1660,3.3200,1,-2
1661,3.3220,1,-2
1662,3.3240,1,-2
1663,3.3260,1,-2
1664,3.3280,1,-2
1665,3.3300,1,-2
1666,3.3320,1,-2
1667,3.3340,1,-2
1668,3.3360,1,-2
1669,3.3380,1,-2
1670,3.3400,1,-2
1671,3.3420,1,-2
1672,3.3440,1,-2
1673,3.3460,1,-2
1674,3.3480,1,-2
1675,3.3500,1,-2
1676,3.3520,1,-2
1677,3.3540,1,-2
1678,3.3560,1,-2
1679,3.3580,1,-2
1680,3.3600,1,-2
1681,3.3620,2,-2
1682,3.3640,2,-2
1683,3.3660,2,-2
1684,3.3680,2,-2
1685,3.3700,2,-2
1686,3.3720,2,-2
1687,3.3740,2,-1
1688,3.3760,2,-1
1689,3.3780,2,-1
1690,3.3800,2,-1
1691,3.3820,2,-1
1692,3.3840,2,-1
1693,3.3860,2,-1
1694,3.3880,2,-1
1695,3.3900,2,-1
1696,3.3920,2,-1
1697,3.3940,2,-1
1698,3.3960,2,-1
1699,3.3980,2,-1
1700,3.4000,2,-1
1701,3.4020,2,-1
1702,3.4040,2,-1
1703,3.4060,3,-1
1704,3.4080,3,-1
1705,3.4100,3,-1
1706,3.4120,3,-1
1707,3.4140,3,-1
1708,3.4160,3,-1
1709,3.4180,3,-1
1710,3.4200,3,-1
1711,3.4220,3,-1
1712,3.4240,3,-1
1713,3.4260,3,0
1714,3.4280,3,0
1715,3.4300,3,0
1716,3.4320,3,0
1717,3.4340,3,0
1718,3.4360,3,0
1719,3.4380,3,0
1720,3.4400,3,0
1721,3.4420,3,0
1722,3.4440,3,0
1723,3.4460,3,0
1724,3.4480,4,0
1725,3.4500,4,0
1726,3.4520,4,0
1727,3.4540,4,0
1728,3.4560,4,0
1729,3.4580,4,0
1730,3.4600,4,0
1731,3.4620,4,0
1732,3.4640,4,0
1733,3.4660,4,0
1734,3.4680,4,0
1735,3.4700,4,0
1736,3.4720,4,0
1737,3.4740,4,0
1738,3.4760,4,0
1739,3.4780,4,0
1740,3.4800,4,0
1741,3.4820,4,0
1742,3.4840,4,0
1743,3.4860,4,0
1744,3.4880,4,0
1745,3.4900,5,0
1746,3.4920,5,0
1747,3.4940,5,0
1748,3.4960,5,0
1749,3.4980,5,0
1750,3.5000,5,0
1751,3.5020,5,0
1752,3.5040,5,0
1753,3.5060,5,0
1754,3.5080,5,0
1755,3.5100,5,1
1756,3.5120,5,1
1757,3.5140,5,1
1758,3.5160,5,1
1759,3.5180,5,1
1760,3.5200,5,1
1761,3.5220,5,1
1762,3.5240,5,1
1763,3.5260,5,1
1764,3.5280,5,1
1765,3.5300,6,1
1766,3.5320,6,1
1767,3.5340,6,1
1768,3.5360,6,1
1769,3.5380,6,1
1770,3.5400,6,1
1771,3.5420,6,1
1772,3.5440,6,1
1773,3.5460,6,1
1774,3.5480,6,1
1775,3.5500,6,1
1776,3.5520,6,1
1777,3.5540,6,1
1778,3.5560,6,1
1779,3.5580,6,1
1780,3.5600,6,1
1781,3.5620,6,1
1782,3.5640,6,1
1783,3.5660,6,1
1784,3.5680,6,1
1785,3.5700,6,1
1786,3.5720,7,1
1787,3.5740,7,1
1788,3.5760,7,1
1789,3.5780,7,1
1790,3.5800,7,1
1791,3.5820,7,2
1792,3.5840,7,2
1793,3.5860,7,2
1794,3.5880,7,2
1795,3.5900,7,2
1796,3.5920,7,2
1797,3.5940,7,2
1798,3.5960,7,2
1799,3.5980,7,2
1800,3.6000,7,2
1801,3.6020,7,2
1802,3.6040,7,2
1803,3.6060,7,2
1804,3.6080,7,2
1805,3.6100,7,2
1806,3.6120,7,2
1807,3.6140,8,2
1808,3.6160,8,2
1809,3.6180,8,2
1810,3.6200,8,2
1811,3.6220,8,2
1812,3.6240,8,2
1813,3.6260,8,2
1814,3.6280,8,2
1815,3.6300,8,2
1816,3.6320,8,2
1817,3.6340,8,2
1818,3.6360,8,2
1819,3.6380,8,2
1820,3.6400,8,2
1821,3.6420,8,2
1822,3.6440,8,2
1823,3.6460,8,2
1824,3.6480,8,2
1825,3.6500,8,2
1826,3.6520,8,2
1827,3.6540,8,2
1828,3.6560,8,2
1829,3.6580,8,2
1830,3.6600,8,2
1831,3.6620,9,2
1832,3.6640,9,2
1833,3.6660,9,2
1834,3.6680,9,2
1835,3.6700,9,2
1836,3.6720,9,2
1837,3.6740,9,2
1838,3.6760,9,2
1839,3.6780,9,2
1840,3.6800,9,2
1841,3.6820,9,2
1842,3.6840,9,2
1843,3.6860,9,2
1844,3.6880,9,2
1845,3.6900,9,2
1846,3.6920,9,2
1847,3.6940,9,2
1848,3.6960,9,2
1849,3.6980,9,2
1850,3.7000,9,2
1851,3.7020,9,2
1852,3.7040,9,2
1853,3.7060,9,2
1854,3.7080,9,2
1855,3.7100,9,2
1856,3.7120,9,3
1857,3.7140,9,3
1858,3.7160,9,3
1859,3.7180,9,3
1860,3.7200,9,3
1861,3.7220,9,3
1862,3.7240,9,3
1863,3.7260,9,3
1864,3.7280,9,3
1865,3.7300,9,3
1866,3.7320,9,3
1867,3.7340,9,3
1868,3.7360,9,3
1869,3.7380,9,3
1870,3.7400,9,3
1871,3.7420,9,3
1872,3.7440,9,3
1873,3.7460,9,3
1874,3.7480,9,3
1875,3.7500,9,3
1876,3.7520,9,3
1877,3.7540,9,3
1878,3.7560,9,3
1879,3.7580,9,3
1880,3.7600,9,3
1881,3.7620,9,3
1882,3.7640,9,3
1883,3.7660,9,3
1884,3.7680,9,3
1885,3.7700,10,3
1886,3.7720,10,3
1887,3.7740,10,3
1888,3.7760,10,3
1889,3.7780,10,3
1890,3.7800,10,3
1891,3.7820,10,3
1892,3.7840,10,3
1893,3.7860,10,3
1894,3.7880,10,3
1895,3.7900,10,3
1896,3.7920,10,3
1897,3.7940,10,3
1898,3.7960,10,3
1899,3.7980,10,3
1900,3.8000,10,3
1901,3.8020,10,3
1902,3.8040,10,3
1903,3.8060,10,3
1904,3.8080,10,3
1905,3.8100,10,3
1906,3.8120,10,3
1907,3.8140,10,3
1908,3.8160,10,3
1909,3.8180,10,3
1910,3.8200,10,3
1911,3.8220,10,3
1912,3.8240,10,3
1913,3.8260,10,3
1914,3.8280,10,3
1915,3.8300,10,3
1916,3.8320,10,3
1917,3.8340,10,3
1918,3.8360,10,3
1919,3.8380,10,3
1920,3.8400,10,4
1921,3.8420,10,4
1922,3.8440,10,4
1923,3.8460,10,4
1924,3.8480,10,4
1925,3.8500,10,4
1926,3.8520,10,4
1927,3.8540,10,4
1928,3.8560,10,4
1929,3.8580,10,4
1930,3.8600,10,4
1931,3.8620,10,4
1932,3.8640,10,4
1933,3.8660,10,4
1934,3.8680,10,4
1935,3.8700,10,4
1936,3.8720,10,4
1937,3.8740,10,4
1938,3.8760,10,4
1939,3.8780,10,4
1940,3.8800,10,4
1941,3.8820,10,4
1942,3.8840,10,4
1943,3.8860,10,4
1944,3.8880,10,4
1945,3.8900,10,4
1946,3.8920,10,4
1947,3.8940,10,4
1948,3.8960,10,4
1949,3.8980,10,4
1950,3.9000,10,4
1951,3.9020,10,4
1952,3.9040,10,4
1953,3.9060,10,4
1954,3.9080,10,4
1955,3.9100,10,4
1956,3.9120,10,4
1957,3.9140,10,4
1958,3.9160,10,4
1959,3.9180,10,4
1960,3.9200,10,4
1961,3.9220,10,4
1962,3.9240,10,4
1963,3.9260,10,4
1964,3.9280,10,4
1965,3.9300,10,4
1966,3.9320,10,4
1967,3.9340,10,4
1968,3.9360,10,4
1969,3.9380,10,4
1970,3.9400,10,4
1971,3.9420,10,4
1972,3.9440,10,4
1973,3.9460,10,4
1974,3.9480,10,4
1975,3.9500,10,4
1976,3.9520,10,4
1977,3.9540,10,4
1978,3.9560,10,4
1979,3.9580,10,4
1980,3.9600,10,4
1981,3.9620,10,4
1982,3.9640,10,4
1983,3.9660,10,4
1984,3.9680,10,4
1985,3.9700,10,4
1986,3.9720,10,4
1987,3.9740,10,4
1988,3.9760,10,4
1989,3.9780,10,4
1990,3.9800,10,4
1991,3.9820,10,4
1992,3.9840,10,4
1993,3.9860,10,4
1994,3.9880,10,4
1995,3.9900,10,4
1996,3.9920,10,4
1997,3.9940,10,4
1998,3.9960,10,4
1999,3.9980,10,4
2000,4.0000,10,4
2001,4.0020,10,4
2002,4.0040,10,4
2003,4.0060,10,4
2004,4.0080,10,4
2005,4.0100,10,4
2006,4.0120,10,4
2007,4.0140,10,4
2008,4.0160,10,4
2009,4.0180,10,4
2010,4.0200,10,4
2011,4.0220,10,4
2012,4.0240,10,4
2013,4.0260,10,4
2014,4.0280,10,4
2015,4.0300,10,4
2016,4.0320,10,4
2017,4.0340,10,4
2018,4.0360,10,4
2019,4.0380,10,4
2020,4.0400,10,4
2021,4.0420,10,4
2022,4.0440,10,4
2023,4.0460,10,4
2024,4.0480,10,4
2025,4.0500,10,4
2026,4.0520,10,4
2027,4.0540,10,4
2028,4.0560,10,4
2029,4.0580,10,4
2030,4.0600,10,4
2031,4.0620,10,4
2032,4.0640,10,4
2033,4.0660,10,4
2034,4.0680,10,4
2035,4.0700,10,4
2036,4.0720,10,4
2037,4.0740,10,4
2038,4.0760,10,4
2039,4.0780,10,4
2040,4.0800,10,4
2041,4.0820,10,4
2042,4.0840,10,4
2043,4.0860,10,4
2044,4.0880,10,4
2045,4.0900,10,4
2046,4.0920,10,4
2047,4.0940,10,4
2048,4.0960,10,4
2049,4.0980,10,4
2050,4.1000,10,4
2051,4.1020,10,4
2052,4.1040,10,4
2053,4.1060,10,4
2054,4.1080,10,4
2055,4.1100,10,4
2056,4.1120,10,4
2057,4.1140,10,4
2058,4.1160,10,4
2059,4.1180,10,4
2060,4.1200,10,4
2061,4.1220,10,4
2062,4.1240,10,4
2063,4.1260,10,4
2064,4.1280,10,4
2065,4.1300,10,4
2066,4.1320,10,4
2067,4.1340,10,4
2068,4.1360,10,4
2069,4.1380,10,4
2070,4.1400,10,4
2071,4.1420,10,4
2072,4.1440,10,4
2073,4.1460,10,4
2074,4.1480,10,4
2075,4.1500,10,4
2076,4.1520,10,4
2077,4.1540,10,4
2078,4.1560,10,4
2079,4.1580,10,4
2080,4.1600,10,4
2081,4.1620,10,4
2082,4.1640,10,4
2083,4.1660,10,4
2084,4.1680,10,4
2085,4.1700,10,4
2086,4.1720,10,4
2087,4.1740,10,4
2088,4.1760,10,4
2089,4.1780,10,4
2090,4.1800,10,4
2091,4.1820,10,4
2092,4.1840,10,4
2093,4.1860,10,4
2094,4.1880,10,4
2095,4.1900,9,4
2096,4.1920,9,4
2097,4.1940,9,4
2098,4.1960,9,4
2099,4.1980,9,4
2100,4.2000,9,4
2101,4.2020,9,4
2102,4.2040,9,4
2103,4.2060,9,4
2104,4.2080,9,4
2105,4.2100,9,4
2106,4.2120,9,4
2107,4.2140,9,4
2108,4.2160,9,4
2109,4.2180,9,4
2110,4.2200,9,4
2111,4.2220,9,4
2112,4.2240,9,4
2113,4.2260,9,4
2114,4.2280,9,4
2115,4.2300,9,4
2116,4.2320,9,4
2117,4.2340,9,4
2118,4.2360,9,4
2119,4.2380,9,4
2120,4.2400,9,4
2121,4.2420,9,4
2122,4.2440,9,4
2123,4.2460,9,4
2124,4.2480,9,4
2125,4.2500,9,4
2126,4.2520,9,4
2127,4.2540,9,4
2128,4.2560,9,4
2129,4.2580,9,4
2130,4.2600,9,4
2131,4.2620,9,4
2132,4.2640,9,4
2133,4.2660,9,4
2134,4.2680,9,4
2135,4.2700,9,4
2136,4.2720,9,4
2137,4.2740,9,4
2138,4.2760,9,4
2139,4.2780,9,4
2140,4.2800,9,4
2141,4.2820,9,4
2142,4.2840,9,4
2143,4.2860,9,4
2144,4.2880,9,4
2145,4.2900,9,4
2146,4.2920,9,4
2147,4.2940,9,3
2148,4.2960,9,3
2149,4.2980,8,3
2150,4.3000,8,3
2151,4.3020,8,3
2152,4.3040,8,3
2153,4.3060,8,3
2154,4.3080,8,3
2155,4.3100,8,3
2156,4.3120,8,3
2157,4.3140,8,3
2158,4.3160,8,3
2159,4.3180,8,3
2160,4.3200,8,3
2161,4.3220,8,3
2162,4.3240,8,3
2163,4.3260,8,3
2164,4.3280,8,3
2165,4.3300,8,3
2166,4.3320,8,3
2167,4.3340,8,3
2168,4.3360,8,3
2169,4.3380,8,3
2170,4.3400,8,3
2171,4.3420,8,3
2172,4.3440,7,3
2173,4.3460,7,3
2174,4.3480,7,3
2175,4.3500,7,3
2176,4.3520,7,3
2177,4.3540,7,3
2178,4.3560,7,3
2179,4.3580,7,3
2180,4.3600,7,3
2181,4.3620,7,3
2182,4.3640,7,2
2183,4.3660,7,2
2184,4.3680,7,2
2185,4.3700,7,2
2186,4.3720,7,2
2187,4.3740,7,2
2188,4.3760,7,2
2189,4.3780,7,2
2190,4.3800,7,2
2191,4.3820,7,2
2192,4.3840,7,2
2193,4.3860,6,2
2194,4.3880,6,2
2195,4.3900,6,2
2196,4.3920,6,2
2197,4.3940,6,2
2198,4.3960,6,2
2199,4.3980,6,2
2200,4.4000,6,2
2201,4.4020,6,2
2202,4.4040,6,2
2203,4.4060,6,2
2204,4.4080,6,2
2205,4.4100,6,2
2206,4.4120,6,2
2207,4.4140,6,2
2208,4.4160,6,2
2209,4.4180,6,2
2210,4.4200,6,2
2211,4.4220,6,2
2212,4.4240,6,2
2213,4.4260,6,2
2214,4.4280,5,2
2215,4.4300,5,2
2216,4.4320,5,2
2217,4.4340,5,2
2218,4.4360,5,2
2219,4.4380,5,1
2220,4.4400,5,1
2221,4.4420,5,1
2222,4.4440,5,1
2223,4.4460,5,1
2224,4.4480,5,1
2225,4.4500,5,1
2226,4.4520,5,1
2227,4.4540,5,1
2228,4.4560,5,1
2229,4.4580,5,1
2230,4.4600,5,1
2231,4.4620,5,1
2232,4.4640,5,1
2233,4.4660,5,1
2234,4.4680,4,1
2235,4.4700,4,1
2236,4.4720,4,1
2237,4.4740,4,1
2238,4.4760,4,1
2239,4.4780,4,1
2240,4.4800,4,1
2241,4.4820,4,0
2242,4.4840,4,0
2243,4.4860,4,0
2244,4.4880,4,0
2245,4.4900,4,0
2246,4.4920,4,0
2247,4.4940,4,0
2248,4.4960,4,0
2249,4.4980,4,0
2250,4.5000,4,0
2251,4.5020,4,0
2252,4.5040,4,0
2253,4.5060,4,0
2254,4.5080,4,0
2255,4.5100,3,0
2256,4.5120,3,0
2257,4.5140,3,0
2258,4.5160,3,0
2259,4.5180,3,0
2260,4.5200,3,0
2261,4.5220,3,0
2262,4.5240,3,0
2263,4.5260,3,0
2264,4.5280,3,0
2265,4.5300,3,0
2266,4.5320,3,0
2267,4.5340,3,0
2268,4.5360,3,0
2269,4.5380,3,0
2270,4.5400,3,-1
2271,4.5420,3,-1
2272,4.5440,3,-1
2273,4.5460,3,-1
2274,4.5480,3,-1
2275,4.5500,3,-1
2276,4.5520,2,-1
2277,4.5540,2,-1
2278,4.5560,2,-1
2279,4.5580,2,-1
2280,4.5600,2,-1
2281,4.5620,2,-1
2282,4.5640,2,-1
2283,4.5660,2,-1
2284,4.5680,2,-1
2285,4.5700,2,-1
2286,4.5720,2,-1
2287,4.5740,2,-1
2288,4.5760,2,-1
2289,4.5780,2,-1
2290,4.5800,2,-2
2291,4.5820,2,-2
2292,4.5840,2,-2
2293,4.5860,2,-2
2294,4.5880,2,-2
2295,4.5900,2,-2
2296,4.5920,2,-2
2297,4.5940,2,-2
2298,4.5960,1,-2
2299,4.5980,1,-2
2300,4.6000,1,-2
2301,4.6020,1,-2
2302,4.6040,1,-2
2303,4.6060,1,-2
2304,4.6080,1,-2
2305,4.6100,1,-2
2306,4.6120,1,-2
2307,4.6140,1,-2
2308,4.6160,1,-2
2309,4.6180,1,-2
2310,4.6200,1,-2
2311,4.6220,1,-2
2312,4.6240,1,-2
2313,4.6260,1,-2
2314,4.6280,1,-2
2315,4.6300,1,-2
2316,4.6320,1,-2
2317,4.6340,1,-2
2318,4.6360,1,-3
2319,4.6380,1,-3
2320,4.6400,1,-3
2321,4.6420,0,-3
2322,4.6440,0,-3
2323,4.6460,0,-3
2324,4.6480,0,-3
2325,4.6500,0,-3
2326,4.6520,0,-3
2327,4.6540,0,-3
2328,4.6560,0,-3
2329,4.6580,0,-3
2330,4.6600,0,-3
2331,4.6620,0,-3
2332,4.6640,0,-3
2333,4.6660,0,-3
2334,4.6680,0,-3
2335,4.6700,0,-3
2336,4.6720,0,-3
2337,4.6740,0,-3
2338,4.6760,0,-3
2339,4.6780,0,-4
2340,4.6800,0,-4
2341,4.6820,0,-4
2342,4.6840,0,-4
2343,4.6860,0,-4
2344,4.6880,0,-4
2345,4.6900,0,-4
2346,4.6920,0,-4
2347,4.6940,0,-4
2348,4.6960,-1,-4
2349,4.6980,-1,-4
2350,4.7000,-1,-4
2351,4.7020,-1,-4
2352,4.7040,-1,-4
2353,4.7060,-1,-4
2354,4.7080,-1,-4
2355,4.7100,-1,-4
2356,4.7120,-1,-4
2357,4.7140,-1,-4
2358,4.7160,-1,-4
2359,4.7180,-1,-4
2360,4.7200,-1,-4
2361,4.7220,-1,-4
2362,4.7240,-1,-4
2363,4.7260,-1,-4
2364,4.7280,-1,-4
2365,4.7300,-1,-4
2366,4.7320,-1,-4
2367,4.7340,-1,-4
2368,4.7360,-1,-4
2369,4.7380,-1,-4
2370,4.7400,-1,-4
2371,4.7420,-1,-4
2372,4.7440,-1,-5
2373,4.7460,-1,-5
2374,4.7480,-1,-5
2375,4.7500,-1,-5
2376,4.7520,-1,-5
2377,4.7540,-1,-5
2378,4.7560,-2,-5
2379,4.7580,-2,-5
2380,4.7600,-2,-5
2381,4.7620,-2,-5
2382,4.7640,-2,-5
2383,4.7660,-2,-5
2384,4.7680,-2,-5
2385,4.7700,-2,-5
2386,4.7720,-2,-5
2387,4.7740,-2,-5
2388,4.7760,-2,-5
2389,4.7780,-2,-5
2390,4.7800,-2,-5
2391,4.7820,-2,-5
2392,4.7840,-2,-5
2393,4.7860,-2,-5
2394,4.7880,-2,-5
2395,4.7900,-2,-5
2396,4.7920,-2,-5
2397,4.7940,-2,-5
2398,4.7960,-2,-5
2399,4.7980,-2,-5
2400,4.8000,-2,-5
2401,4.8020,-2,-6
2402,4.8040,-2,-6
2403,4.8060,-2,-6
2404,4.8080,-2,-6
2405,4.8100,-2,-6
2406,4.8120,-2,-6
2407,4.8140,-2,-6
2408,4.8160,-2,-6
2409,4.8180,-2,-6
2410,4.8200,-2,-6
2411,4.8220,-2,-6
2412,4.8240,-2,-6
2413,4.8260,-2,-6
2414,4.8280,-2,-6
2415,4.8300,-2,-6
2416,4.8320,-2,-6
2417,4.8340,-2,-6
2418,4.8360,-2,-6
2419,4.8380,-2,-6
2420,4.8400,-2,-6
2421,4.8420,-2,-6
2422,4.8440,-3,-6
2423,4.8460,-3,-6
2424,4.8480,-3,-6
2425,4.8500,-3,-6
2426,4.8520,-3,-6
2427,4.8540,-3,-6
2428,4.8560,-3,-6
2429,4.8580,-3,-6
2430,4.8600,-3,-6
2431,4.8620,-3,-6
2432,4.8640,-3,-6
2433,4.8660,-3,-6
2434,4.8680,-3,-6
2435,4.8700,-3,-6
2436,4.8720,-3,-6
2437,4.8740,-3,-6
2438,4.8760,-3,-6
2439,4.8780,-3,-6
2440,4.8800,-3,-6
2441,4.8820,-3,-6
2442,4.8840,-3,-6
2443,4.8860,-3,-6
2444,4.8880,-3,-6
2445,4.8900,-3,-6
2446,4.8920,-3,-6
2447,4.8940,-3,-6
2448,4.8960,-3,-6
2449,4.8980,-3,-6
2450,4.9000,-3,-6
2451,4.9020,-3,-6
2452,4.9040,-3,-6
2453,4.9060,-3,-6
2454,4.9080,-3,-6
2455,4.9100,-3,-6
2456,4.9120,-3,-6
2457,4.9140,-3,-6
2458,4.9160,-3,-6
2459,4.9180,-3,-6
2460,4.9200,-3,-6
2461,4.9220,-3,-6
2462,4.9240,-3,-6
2463,4.9260,-3,-6
2464,4.9280,-3,-6
2465,4.9300,-3,-6
2466,4.9320,-3,-6
2467,4.9340,-3,-6
2468,4.9360,-3,-6
2469,4.9380,-3,-6
2470,4.9400,-3,-6
2471,4.9420,-3,-6
2472,4.9440,-3,-6
2473,4.9460,-3,-6
2474,4.9480,-3,-6
2475,4.9500,-3,-6
2476,4.9520,-3,-6
2477,4.9540,-3,-6
2478,4.9560,-3,-6
2479,4.9580,-3,-6
2480,4.9600,-3,-6
2481,4.9620,-3,-6
2482,4.9640,-3,-6
2483,4.9660,-3,-6
2484,4.9680,-3,-6
2485,4.9700,-3,-6
2486,4.9720,-3,-6
2487,4.9740,-3,-6
2488,4.9760,-3,-6
2489,4.9780,-3,-6
2490,4.9800,-3,-6
2491,4.9820,-3,-6
2492,4.9840,-3,-6
2493,4.9860,-3,-6
2494,4.9880,-3,-6
2495,4.9900,-3,-6
2496,4.9920,-3,-6
2497,4.9940,-3,-6
2498,4.9960,-3,-6
2499,4.9980,-3,-6
2500,5.0000,-3,-6
2501,5.0020,-3,-6
2502,5.0040,-3,-6
2503,5.0060,-3,-6
2504,5.0080,-3,-6
2505,5.0100,-3,-6
2506,5.0120,-3,-6
2507,5.0140,-3,-6
2508,5.0160,-3,-6
2509,5.0180,-3,-6
2510,5.0200,-3,-6
2511,5.0220,-3,-6
2512,5.0240,-3,-6
2513,5.0260,-3,-6
2514,5.0280,-3,-6
2515,5.0300,-3,-6
2516,5.0320,-3,-6
2517,5.0340,-3,-6
2518,5.0360,-3,-6
2519,5.0380,-3,-6
2520,5.0400,-3,-6
2521,5.0420,-3,-6
2522,5.0440,-3,-6
2523,5.0460,-3,-6
2524,5.0480,-3,-6
2525,5.0500,-3,-6
2526,5.0520,-3,-6
2527,5.0540,-3,-6
2528,5.0560,-3,-6
2529,5.0580,-3,-6
2530,5.0600,-3,-6
2531,5.0620,-3,-6
2532,5.0640,-3,-6
2533,5.0660,-2,-6
2534,5.0680,-2,-6
2535,5.0700,-2,-6
2536,5.0720,-2,-6
2537,5.0740,-2,-6
2538,5.0760,-2,-6
2539,5.0780,-2,-6
2540,5.0800,-2,-6
2541,5.0820,-2,-5
2542,5.0840,-2,-5
2543,5.0860,-2,-5
2544,5.0880,-2,-5
2545,5.0900,-2,-5
2546,5.0920,-2,-5
2547,5.0940,-2,-5
2548,5.0960,-2,-5
2549,5.0980,-2,-5
2550,5.1000,-2,-5
2551,5.1020,-2,-5
2552,5.1040,-2,-5
2553,5.1060,-2,-5
2554,5.1080,-2,-5
2555,5.1100,-2,-5
2556,5.1120,-2,-5
2557,5.1140,-2,-5
2558,5.1160,-2,-5
2559,5.1180,-2,-5
2560,5.1200,-2,-5
2561,5.1220,-2,-5
2562,5.1240,-2,-5
2563,5.1260,-2,-5
2564,5.1280,-2,-5
2565,5.1300,-2,-5
2566,5.1320,-2,-5
2567,5.1340,-2,-5
2568,5.1360,-2,-5
2569,5.1380,-2,-5
2570,5.1400,-2,-5
2571,5.1420,-2,-4
2572,5.1440,-2,-4
2573,5.1460,-2,-4
2574,5.1480,-2,-4
2575,5.1500,-2,-4
2576,5.1520,-1,-4
2577,5.1540,-1,-4
2578,5.1560,-1,-4
2579,5.1580,-1,-4
2580,5.1600,-1,-4
2581,5.1620,-1,-4
2582,5.1640,-1,-4
2583,5.1660,-1,-4
2584,5.1680,-1,-4
2585,5.1700,-1,-4
2586,5.1720,-1,-4
2587,5.1740,-1,-4
2588,5.1760,-1,-4
2589,5.1780,-1,-4
2590,5.1800,-1,-4
2591,5.1820,-1,-4
2592,5.1840,-1,-4
2593,5.1860,-1,-4
2594,5.1880,-1,-4
2595,5.1900,-1,-4
2596,5.1920,-1,-4
2597,5.1940,-1,-4
2598,5.1960,-1,-4
2599,5.1980,-1,-4
2600,5.2000,-1,-4
2601,5.2020,-1,-4
2602,5.2040,-1,-4
2603,5.2060,-1,-4
2604,5.2080,-1,-4
2605,5.2100,-1,-4
2606,5.2120,0,-4
2607,5.2140,0,-4
2608,5.2160,0,-3
2609,5.2180,0,-3
2610,5.2200,0,-3
2611,5.2220,0,-3
2612,5.2240,0,-3
2613,5.2260,0,-3
2614,5.2280,0,-3
2615,5.2300,0,-3
2616,5.2320,0,-3
2617,5.2340,0,-3
2618,5.2360,0,-3
2619,5.2380,0,-3
2620,5.2400,0,-3
2621,5.2420,0,-3
2622,5.2440,0,-3
2623,5.2460,0,-3
2624,5.2480,0,-3
2625,5.2500,0,-3
2626,5.2520,0,-3
2627,5.2540,0,-3
2628,5.2560,0,-3
2629,5.2580,0,-3
2630,5.2600,0,-3
2631,5.2620,0,-2
2632,5.2640,0,-2
2633,5.2660,1,-2
2634,5.2680,1,-2
2635,5.2700,1,-2
2636,5.2720,1,-2
2637,5.2740,1,-2
2638,5.2760,1,-2
2639,5.2780,1,-2
2640,5.2800,1,-2
2641,5.2820,1,-2
2642,5.2840,1,-2
2643,5.2860,1,-2
2644,5.2880,1,-2
2645,5.2900,1,-2
2646,5.2920,1,-2
2647,5.2940,1,-2
2648,5.2960,1,-2
2649,5.2980,1,-2
2650,5.3000,1,-2
2651,5.3020,1,-2
2652,5.3040,1,-2
2653,5.3060,1,-2
2654,5.3080,1,-2
2655,5.3100,2,-2
2656,5.3120,2,-2
2657,5.3140,2,-2
2658,5.3160,2,-2
2659,5.3180,2,-2
2660,5.3200,2,-2
2661,5.3220,2,-2
2662,5.3240,2,-2
2663,5.3260,2,-2
2664,5.3280,2,-1
2665,5.3300,2,-1
2666,5.3320,2,-1
2667,5.3340,2,-1
2668,5.3360,2,-1
2669,5.3380,2,-1
2670,5.3400,2,-1
2671,5.3420,2,-1
2672,5.3440,2,-1
2673,5.3460,2,-1
2674,5.3480,2,-1
2675,5.3500,2,-1
2676,5.3520,2,-1
2677,5.3540,2,-1
2678,5.3560,3,-1
2679,5.3580,3,-1
2680,5.3600,3,-1
2681,5.3620,3,-1
2682,5.3640,3,-1
2683,5.3660,3,-1
2684,5.3680,3,-1
2685,5.3700,3,-1
2686,5.3720,3,-1
2687,5.3740,3,-1
2688,5.3760,3,0
2689,5.3780,3,0
2690,5.3800,3,0
2691,5.3820,3,0
2692,5.3840,3,0
2693,5.3860,3,0
2694,5.3880,3,0
2695,5.3900,3,0
2696,5.3920,3,0
2697,5.3940,3,0
2698,5.3960,3,0
2699,5.3980,4,0
2700,5.4000,4,0
2701,5.4020,4,0
2702,5.4040,4,0
2703,5.4060,4,0
2704,5.4080,4,0
2705,5.4100,4,0
2706,5.4120,4,0
2707,5.4140,4,0
2708,5.4160,4,0
2709,5.4180,4,0
2710,5.4200,4,0
2711,5.4220,4,0
2712,5.4240,4,0
2713,5.4260,4,0
2714,5.4280,4,0
2715,5.4300,4,0
2716,5.4320,4,0
2717,5.4340,4,0
2718,5.4360,4,0
2719,5.4380,4,0
2720,5.4400,5,0
2721,5.4420,5,0
2722,5.4440,5,0
2723,5.4460,5,0
2724,5.4480,5,0
2725,5.4500,5,1
2726,5.4520,5,1
2727,5.4540,5,1
2728,5.4560,5,1
2729,5.4580,5,1
2730,5.4600,5,1
2731,5.4620,5,1
2732,5.4640,5,1
2733,5.4660,5,1
2734,5.4680,5,1
2735,5.4700,5,1
2736,5.4720,5,1
2737,5.4740,5,1
2738,5.4760,5,1
2739,5.4780,5,1
2740,5.4800,6,1
2741,5.4820,6,1
2742,5.4840,6,1
2743,5.4860,6,1
2744,5.4880,6,1
2745,5.4900,6,1
2746,5.4920,6,1
2747,5.4940,6,1
2748,5.4960,6,1
2749,5.4980,6,1
2750,5.5000,6,1
2751,5.5020,6,1
2752,5.5040,6,1
2753,5.5060,6,1
2754,5.5080,6,1
2755,5.5100,6,2
2756,5.5120,6,2
2757,5.5140,6,2
2758,5.5160,6,2
2759,5.5180,6,2
2760,5.5200,6,2
2761,5.5220,7,2
2762,5.5240,7,2
2763,5.5260,7,2
2764,5.5280,7,2
2765,5.5300,7,2
2766,5.5320,7,2
2767,5.5340,7,2
2768,5.5360,7,2
2769,5.5380,7,2
2770,5.5400,7,2
2771,5.5420,7,2
2772,5.5440,7,2
2773,5.5460,7,2
2774,5.5480,7,2
2775,5.5500,7,2
2776,5.5520,7,2
2777,5.5540,7,2
2778,5.5560,7,2
2779,5.5580,7,2
2780,5.5600,7,2
2781,5.5620,7,2
2782,5.5640,7,2
2783,5.5660,8,2
2784,5.5680,8,2
2785,5.5700,8,2
2786,5.5720,8,2
2787,5.5740,8,2
2788,5.5760,8,2
2789,5.5780,8,2
2790,5.5800,8,2
2791,5.5820,8,2
2792,5.5840,8,2
2793,5.5860,8,2
2794,5.5880,8,2
2795,5.5900,8,2
2796,5.5920,8,2
2797,5.5940,8,2
2798,5.5960,8,2
2799,5.5980,8,2
2800,5.6000,8,2
2801,5.6020,8,2
2802,5.6040,8,2
2803,5.6060,8,2
2804,5.6080,8,2
2805,5.6100,9,2
2806,5.6120,9,2
2807,5.6140,9,2
2808,5.6160,9,2
2809,5.6180,9,2
2810,5.6200,9,2
2811,5.6220,9,2
2812,5.6240,9,2
2813,5.6260,9,2
2814,5.6280,9,3
2815,5.6300,9,3
2816,5.6320,9,3
2817,5.6340,9,3
2818,5.6360,9,3
2819,5.6380,9,3
2820,5.6400,9,3
2821,5.6420,9,3
2822,5.6440,9,3
2823,5.6460,9,3
2824,5.6480,9,3
2825,5.6500,9,3
2826,5.6520,9,3
2827,5.6540,9,3
2828,5.6560,9,3
2829,5.6580,9,3
2830,5.6600,9,3
2831,5.6620,9,3
2832,5.6640,9,3
2833,5.6660,9,3
2834,5.6680,9,3
2835,5.6700,9,3
2836,5.6720,9,3
2837,5.6740,9,3
2838,5.6760,9,3
2839,5.6780,9,3
2840,5.6800,9,3
2841,5.6820,9,3
2842,5.6840,9,3
2843,5.6860,9,3
2844,5.6880,9,3
2845,5.6900,9,3
2846,5.6920,9,3
2847,5.6940,9,3
2848,5.6960,9,3
2849,5.6980,9,3
2850,5.7000,9,3
2851,5.7020,9,3
2852,5.7040,9,3
2853,5.7060,9,3
2854,5.7080,9,3
2855,5.7100,9,3
2856,5.7120,9,3
2857,5.7140,9,3
2858,5.7160,9,3
2859,5.7180,9,3
2860,5.7200,10,3
2861,5.7220,10,3
2862,5.7240,10,3
2863,5.7260,10,3
2864,5.7280,10,3
2865,5.7300,10,3
2866,5.7320,10,3
2867,5.7340,10,3
2868,5.7360,10,3
2869,5.7380,10,3
2870,5.7400,10,3
2871,5.7420,10,3
2872,5.7440,10,3
2873,5.7460,10,3
2874,5.7480,10,3
2875,5.7500,10,3
2876,5.7520,10,3
2877,5.7540,10,3
2878,5.7560,10,3
2879,5.7580,10,3
2880,5.7600,10,3
2881,5.7620,10,4
2882,5.7640,10,4
2883,5.7660,10,4
2884,5.7680,10,4
2885,5.7700,10,4
2886,5.7720,10,4
2887,5.7740,10,4
2888,5.7760,10,4
2889,5.7780,10,4
2890,5.7800,10,4
2891,5.7820,10,4
2892,5.7840,10,4
2893,5.7860,10,4
2894,5.7880,10,4
2895,5.7900,10,4
2896,5.7920,10,4
2897,5.7940,10,4
2898,5.7960,10,4
2899,5.7980,10,4
2900,5.8000,10,4
2901,5.8020,10,4
2902,5.8040,10,4
2903,5.8060,10,4
2904,5.8080,10,4
2905,5.8100,10,4
2906,5.8120,10,4
2907,5.8140,10,4
2908,5.8160,10,4
2909,5.8180,10,4
2910,5.8200,10,4
2911,5.8220,10,4
2912,5.8240,10,4
2913,5.8260,10,4
2914,5.8280,10,4
2915,5.8300,10,4
2916,5.8320,10,4
2917,5.8340,10,4
2918,5.8360,10,4
2919,5.8380,10,4
2920,5.8400,10,4
2921,5.8420,10,4
2922,5.8440,10,4
2923,5.8460,10,4
2924,5.8480,10,4
2925,5.8500,10,4
2926,5.8520,10,4
2927,5.8540,10,4
2928,5.8560,10,4
2929,5.8580,10,4
2930,5.8600,10,4
2931,5.8620,10,4
2932,5.8640,10,4
2933,5.8660,10,4
2934,5.8680,10,4
2935,5.8700,10,4
2936,5.8720,10,4
2937,5.8740,10,4
2938,5.8760,10,4
2939,5.8780,10,4
2940,5.8800,10,4
2941,5.8820,10,4
2942,5.8840,10,4
2943,5.8860,10,4
2944,5.8880,10,4
2945,5.8900,10,4
2946,5.8920,10,4
2947,5.8940,10,4
2948,5.8960,10,4
2949,5.8980,10,4
2950,5.9000,10,4
2951,5.9020,10,4
2952,5.9040,10,4
2953,5.9060,10,4
2954,5.9080,10,4
2955,5.9100,10,4
2956,5.9120,10,4
2957,5.9140,10,4
2958,5.9160,10,4
2959,5.9180,10,4
2960,5.9200,10,4
2961,5.9220,10,4
2962,5.9240,10,4
2963,5.9260,10,4
2964,5.9280,10,4
2965,5.9300,10,4
2966,5.9320,10,4
2967,5.9340,10,4
2968,5.9360,10,4
2969,5.9380,10,4
2970,5.9400,10,4
2971,5.9420,10,4
2972,5.9440,10,4
2973,5.9460,10,4
2974,5.9480,10,4
2975,5.9500,10,4
2976,5.9520,10,4
2977,5.9540,10,4
2978,5.9560,10,4
2979,5.9580,10,4
2980,5.9600,10,4
2981,5.9620,10,4
2982,5.9640,10,4
2983,5.9660,10,4
2984,5.9680,10,4
2985,5.9700,10,4
2986,5.9720,10,4
2987,5.9740,10,4
2988,5.9760,10,4
2989,5.9780,10,4
2990,5.9800,10,4
2991,5.9820,10,4
2992,5.9840,10,4
2993,5.9860,10,4
2994,5.9880,10,4
2995,5.9900,10,4
2996,5.9920,10,4
2997,5.9940,10,4
2998,5.9960,10,4
2999,5.9980,10,4
3000,6.0000,10,4
3001,6.0020,10,4
3002,6.0040,10,4
3003,6.0060,10,4
3004,6.0080,10,4
3005,6.0100,10,4
3006,6.0120,10,4
3007,6.0140,10,4
3008,6.0160,10,4
3009,6.0180,10,4
3010,6.0200,10,4
3011,6.0220,10,4
3012,6.0240,10,4
3013,6.0260,10,4
3014,6.0280,10,4
3015,6.0300,10,4
3016,6.0320,10,4
3017,6.0340,10,4
3018,6.0360,10,4
3019,6.0380,10,4
3020,6.0400,10,4
3021,6.0420,10,4
3022,6.0440,10,4
3023,6.0460,10,4
3024,6.0480,10,4
3025,6.0500,10,4
3026,6.0520,10,4
3027,6.0540,10,4
3028,6.0560,10,4
3029,6.0580,10,4
3030,6.0600,10,4
3031,6.0620,10,4
3032,6.0640,10,4
3033,6.0660,10,4
3034,6.0680,10,4
3035,6.0700,10,4
3036,6.0720,10,4
3037,6.0740,10,4
3038,6.0760,10,4
3039,6.0780,10,4
3040,6.0800,10,4
3041,6.0820,10,4
3042,6.0840,10,4
3043,6.0860,10,4
3044,6.0880,10,4
3045,6.0900,10,4
3046,6.0920,10,4
3047,6.0940,10,4
3048,6.0960,10,4
3049,6.0980,10,4
3050,6.1000,10,4
3051,6.1020,10,4
3052,6.1040,10,4
3053,6.1060,10,4
3054,6.1080,10,4
3055,6.1100,10,4
3056,6.1120,10,4
3057,6.1140,10,4
3058,6.1160,10,4
3059,6.1180,10,4
3060,6.1200,10,4
3061,6.1220,10,4
3062,6.1240,10,4
3063,6.1260,10,4
3064,6.1280,10,4
3065,6.1300,10,4
3066,6.1320,10,4
3067,6.1340,10,4
3068,6.1360,10,4
3069,6.1380,10,4
3070,6.1400,9,4
3071,6.1420,9,4
3072,6.1440,9,4
3073,6.1460,9,4
3074,6.1480,9,4
3075,6.1500,9,4
3076,6.1520,9,4
3077,6.1540,9,4
3078,6.1560,9,4
3079,6.1580,9,4
3080,6.1600,9,4
3081,6.1620,9,4
3082,6.1640,9,4
3083,6.1660,9,4
3084,6.1680,9,4
3085,6.1700,9,4
3086,6.1720,9,4
3087,6.1740,9,4
3088,6.1760,9,4
3089,6.1780,9,4
3090,6.1800,9,4
3091,6.1820,9,4
3092,6.1840,9,4
3093,6.1860,9,4
3094,6.1880,9,4
3095,6.1900,9,4
3096,6.1920,9,4
3097,6.1940,9,4
3098,6.1960,9,4
3099,6.1980,9,4
3100,6.2000,9,4
3101,6.2020,9,4
3102,6.2040,9,4
3103,6.2060,9,4
3104,6.2080,9,4
3105,6.2100,9,4
3106,6.2120,9,4
3107,6.2140,9,4
3108,6.2160,9,4
3109,6.2180,9,4
3110,6.2200,9,3
3111,6.2220,9,3
3112,6.2240,9,3
3113,6.2260,9,3
3114,6.2280,9,3
3115,6.2300,9,3
3116,6.2320,9,3
3117,6.2340,9,3
3118,6.2360,9,3
3119,6.2380,9,3
3120,6.2400,9,3
3121,6.2420,9,3
3122,6.2440,9,3
3123,6.2460,8,3
3124,6.2480,8,3
3125,6.2500,8,3
3126,6.2520,8,3
3127,6.2540,8,3
3128,6.2560,8,3
3129,6.2580,8,3
3130,6.2600,8,3
3131,6.2620,8,3
3132,6.2640,8,3
3133,6.2660,8,3
3134,6.2680,8,3
3135,6.2700,8,3
3136,6.2720,8,3
3137,6.2740,8,3
3138,6.2760,8,3
3139,6.2780,8,3
3140,6.2800,8,3
3141,6.2820,8,3
3142,6.2840,8,3
3143,6.2860,8,3
3144,6.2880,8,3
3145,6.2900,8,3
3146,6.2920,8,3
3147,6.2940,7,3
3148,6.2960,7,3
3149,6.2980,7,3
3150,6.3000,7,3
3151,6.3020,7,2
3152,6.3040,7,2
3153,6.3060,7,2
3154,6.3080,7,2
3155,6.3100,7,2
3156,6.3120,7,2
3157,6.3140,7,2
3158,6.3160,7,2
3159,6.3180,7,2
3160,6.3200,7,2
3161,6.3220,7,2
3162,6.3240,7,2
3163,6.3260,7,2
3164,6.3280,7,2
3165,6.3300,7,2
3166,6.3320,7,2
3167,6.3340,7,2
3168,6.3360,6,2
3169,6.3380,6,2
3170,6.3400,6,2
3171,6.3420,6,2
3172,6.3440,6,2
3173,6.3460,6,2
3174,6.3480,6,2
3175,6.3500,6,2
3176,6.3520,6,2
3177,6.3540,6,2
3178,6.3560,6,2
3179,6.3580,6,2
3180,6.3600,6,2
3181,6.3620,6,2
3182,6.3640,6,2
3183,6.3660,6,2
3184,6.3680,6,2
3185,6.3700,6,2
3186,6.3720,6,2
3187,6.3740,6,2
3188,6.3760,6,2
3189,6.3780,5,2
3190,6.3800,5,2
3191,6.3820,5,2
3192,6.3840,5,2
3193,6.3860,5,2
3194,6.3880,5,1
3195,6.3900,5,1
3196,6.3920,5,1
3197,6.3940,5,1
3198,6.3960,5,1
3199,6.3980,5,1
3200,6.4000,5,1
3201,6.4020,5,1
3202,6.4040,5,1
3203,6.4060,5,1
3204,6.4080,5,1
3205,6.4100,5,1
3206,6.4120,5,1
3207,6.4140,5,1
3208,6.4160,5,1
3209,6.4180,4,1
3210,6.4200,4,1
3211,6.4220,4,1
3212,6.4240,4,1
3213,6.4260,4,1
3214,6.4280,4,1
3215,6.4300,4,1
3216,6.4320,4,1
3217,6.4340,4,1
3218,6.4360,4,0
3219,6.4380,4,0
3220,6.4400,4,0
3221,6.4420,4,0
3222,6.4440,4,0
3223,6.4460,4,0
3224,6.4480,4,0
3225,6.4500,4,0
3226,6.4520,4,0
3227,6.4540,4,0
3228,6.4560,4,0
3229,6.4580,4,0
3230,6.4600,3,0
3231,6.4620,3,0
3232,6.4640,3,0
3233,6.4660,3,0
3234,6.4680,3,0
3235,6.4700,3,0
3236,6.4720,3,0
3237,6.4740,3,0
3238,6.4760,3,0
3239,6.4780,3,0
3240,6.4800,3,0
3241,6.4820,3,0
3242,6.4840,3,0
3243,6.4860,3,0
3244,6.4880,3,0
3245,6.4900,3,0
3246,6.4920,3,0
3247,6.4940,3,0
3248,6.4960,3,0
3249,6.4980,3,-1
3250,6.5000,3,-1
3251,6.5020,2,-1
3252,6.5040,2,-1
3253,6.5060,2,-1
3254,6.5080,2,-1
3255,6.5100,2,-1
3256,6.5120,2,-1
3257,6.5140,2,-1
3258,6.5160,2,-1
3259,6.5180,2,-1
3260,6.5200,2,-1
3261,6.5220,2,-1
3262,6.5240,2,-1
3263,6.5260,2,-1
3264,6.5280,2,-1
3265,6.5300,2,-1
3266,6.5320,2,-1
3267,6.5340,2,-1
3268,6.5360,2,-1
3269,6.5380,2,-2
3270,6.5400,2,-2
3271,6.5420,2,-2
3272,6.5440,2,-2
3273,6.5460,1,-2
3274,6.5480,1,-2
3275,6.5500,1,-2
3276,6.5520,1,-2
3277,6.5540,1,-2
3278,6.5560,1,-2
3279,6.5580,1,-2
3280,6.5600,1,-2
3281,6.5620,1,-2
3282,6.5640,1,-2
3283,6.5660,1,-2
3284,6.5680,1,-2
3285,6.5700,1,-2
3286,6.5720,1,-2
3287,6.5740,1,-2
3288,6.5760,1,-2
3289,6.5780,1,-2
3290,6.5800,1,-2
3291,6.5820,1,-2
3292,6.5840,1,-2
3293,6.5860,1,-2
3294,6.5880,1,-2
3295,6.5900,1,-2
3296,6.5920,0,-2
3297,6.5940,0,-2
3298,6.5960,0,-2
3299,6.5980,0,-3
3300,6.6000,0,-3
3301,6.6020,0,-3
3302,6.6040,0,-3
3303,6.6060,0,-3
3304,6.6080,0,-3
3305,6.6100,0,-3
3306,6.6120,0,-3
3307,6.6140,0,-3
3308,6.6160,0,-3
3309,6.6180,0,-3
3310,6.6200,0,-3
3311,6.6220,0,-3
3312,6.6240,0,-3
3313,6.6260,0,-3
3314,6.6280,0,-3
3315,6.6300,0,-3
3316,6.6320,0,-3
3317,6.6340,0,-3
3318,6.6360,0,-3
3319,6.6380,0,-3
3320,6.6400,0,-4
3321,6.6420,0,-4
3322,6.6440,-1,-4
3323,6.6460,-1,-4
3324,6.6480,-1,-4
3325,6.6500,-1,-4
3326,6.6520,-1,-4
3327,6.6540,-1,-4
3328,6.6560,-1,-4
3329,6.6580,-1,-4
3330,6.6600,-1,-4
3331,6.6620,-1,-4
3332,6.6640,-1,-4
3333,6.6660,-1,-4
3334,6.6680,-1,-4
3335,6.6700,-1,-4
3336,6.6720,-1,-4
3337,6.6740,-1,-4
3338,6.6760,-1,-4
3339,6.6780,-1,-4
3340,6.6800,-1,-4
3341,6.6820,-1,-4
3342,6.6840,-1,-4
3343,6.6860,-1,-4
3344,6.6880,-1,-4
3345,6.6900,-1,-4
3346,6.6920,-1,-4
3347,6.6940,-1,-4
3348,6.6960,-1,-4
3349,6.6980,-1,-4
3350,6.7000,-1,-4
3351,6.7020,-1,-4
3352,6.7040,-2,-4
3353,6.7060,-2,-5
3354,6.7080,-2,-5
3355,6.7100,-2,-5
3356,6.7120,-2,-5
3357,6.7140,-2,-5
3358,6.7160,-2,-5
3359,6.7180,-2,-5
3360,6.7200,-2,-5
3361,6.7220,-2,-5
3362,6.7240,-2,-5
3363,6.7260,-2,-5
3364,6.7280,-2,-5
3365,6.7300,-2,-5
3366,6.7320,-2,-5
3367,6.7340,-2,-5
3368,6.7360,-2,-5
3369,6.7380,-2,-5
3370,6.7400,-2,-5
3371,6.7420,-2,-5
3372,6.7440,-2,-5
3373,6.7460,-2,-5
3374,6.7480,-2,-5
3375,6.7500,-2,-5
3376,6.7520,-2,-5
3377,6.7540,-2,-5
3378,6.7560,-2,-5
3379,6.7580,-2,-5
3380,6.7600,-2,-5
3381,6.7620,-2,-5
3382,6.7640,-2,-5
3383,6.7660,-2,-6
3384,6.7680,-2,-6
3385,6.7700,-2,-6
3386,6.7720,-2,-6
3387,6.7740,-2,-6
3388,6.7760,-2,-6
3389,6.7780,-2,-6
3390,6.7800,-2,-6
3391,6.7820,-2,-6
3392,6.7840,-2,-6
3393,6.7860,-2,-6
3394,6.7880,-2,-6
3395,6.7900,-2,-6
3396,6.7920,-3,-6
3397,6.7940,-3,-6
3398,6.7960,-3,-6
3399,6.7980,-3,-6
3400,6.8000,-3,-6
3401,6.8020,-3,-6
3402,6.8040,-3,-6
3403,6.8060,-3,-6
3404,6.8080,-3,-6
3405,6.8100,-3,-6
3406,6.8120,-3,-6
3407,6.8140,-3,-6
3408,6.8160,-3,-6
3409,6.8180,-3,-6
3410,6.8200,-3,-6
3411,6.8220,-3,-6
3412,6.8240,-3,-6
3413,6.8260,-3,-6
3414,6.8280,-3,-6
3415,6.8300,-3,-6
3416,6.8320,-3,-6
3417,6.8340,-3,-6
3418,6.8360,-3,-6
3419,6.8380,-3,-6
3420,6.8400,-3,-6
3421,6.8420,-3,-6
3422,6.8440,-3,-6
3423,6.8460,-3,-6
3424,6.8480,-3,-6
3425,6.8500,-3,-6
3426,6.8520,-3,-6
3427,6.8540,-3,-6
3428,6.8560,-3,-6
3429,6.8580,-3,-6
3430,6.8600,-3,-6
3431,6.8620,-3,-6
3432,6.8640,-3,-6
3433,6.8660,-3,-6
3434,6.8680,-3,-6
3435,6.8700,-3,-6
3436,6.8720,-3,-6
3437,6.8740,-3,-6
3438,6.8760,-3,-6
3439,6.8780,-3,-6
3440,6.8800,-3,-6
3441,6.8820,-3,-6
3442,6.8840,-3,-6
3443,6.8860,-3,-6
3444,6.8880,-3,-6
3445,6.8900,-3,-6
3446,6.8920,-3,-6
3447,6.8940,-3,-6
3448,6.8960,-3,-6
3449,6.8980,-3,-6
3450,6.9000,-3,-6
3451,6.9020,-3,-6
3452,6.9040,-3,-6
3453,6.9060,-3,-6
3454,6.9080,-3,-6
3455,6.9100,-3,-6
3456,6.9120,-3,-6
3457,6.9140,-3,-6
3458,6.9160,-3,-6
3459,6.9180,-3,-6
3460,6.9200,-3,-6
3461,6.9220,-3,-6
3462,6.9240,-3,-6
3463,6.9260,-3,-6
3464,6.9280,-3,-6
3465,6.9300,-3,-6
3466,6.9320,-3,-6
3467,6.9340,-3,-6
3468,6.9360,-3,-6
3469,6.9380,-3,-6
3470,6.9400,-3,-6
3471,6.9420,-3,-6
3472,6.9440,-3,-6
3473,6.9460,-3,-6
3474,6.9480,-3,-6
3475,6.9500,-3,-6
3476,6.9520,-3,-6
3477,6.9540,-3,-6
3478,6.9560,-3,-6
3479,6.9580,-3,-6
3480,6.9600,-3,-6
3481,6.9620,-3,-6
3482,6.9640,-3,-6
3483,6.9660,-3,-6
3484,6.9680,-3,-6
3485,6.9700,-3,-6
3486,6.9720,-3,-6
3487,6.9740,-3,-6
3488,6.9760,-3,-6
3489,6.9780,-3,-6
3490,6.9800,-3,-6
3491,6.9820,-3,-6
3492,6.9840,-3,-6
3493,6.9860,-3,-6
3494,6.9880,-3,-6
3495,6.9900,-3,-6
3496,6.9920,-3,-6
3497,6.9940,-3,-6
3498,6.9960,-3,-6
3499,6.9980,-3,-6
3500,7.0000,-3,-6
3501,7.0020,-3,-6
3502,7.0040,-3,-6
3503,7.0060,-3,-6
3504,7.0080,-3,-6
3505,7.0100,-3,-6
3506,7.0120,-3,-6
3507,7.0140,-3,-6
3508,7.0160,-3,-6
3509,7.0180,-2,-6
3510,7.0200,-2,-6
3511,7.0220,-2,-6
3512,7.0240,-2,-6
3513,7.0260,-2,-6
3514,7.0280,-2,-6
3515,7.0300,-2,-6
3516,7.0320,-2,-6
3517,7.0340,-2,-6
3518,7.0360,-2,-6
3519,7.0380,-2,-6
3520,7.0400,-2,-6
3521,7.0420,-2,-5
3522,7.0440,-2,-5
3523,7.0460,-2,-5
3524,7.0480,-2,-5
3525,7.0500,-2,-5
3526,7.0520,-2,-5
3527,7.0540,-2,-5
3528,7.0560,-2,-5
3529,7.0580,-2,-5
3530,7.0600,-2,-5
3531,7.0620,-2,-5
3532,7.0640,-2,-5
3533,7.0660,-2,-5
3534,7.0680,-2,-5
3535,7.0700,-2,-5
3536,7.0720,-2,-5
3537,7.0740,-2,-5
3538,7.0760,-2,-5
3539,7.0780,-2,-5
3540,7.0800,-2,-5
3541,7.0820,-2,-5
3542,7.0840,-2,-5
3543,7.0860,-2,-5
3544,7.0880,-2,-5
3545,7.0900,-2,-5
3546,7.0920,-2,-5
3547,7.0940,-2,-5
3548,7.0960,-2,-5
3549,7.0980,-2,-5
3550,7.1000,-2,-5
3551,7.1020,-1,-4
3552,7.1040,-1,-4
3553,7.1060,-1,-4
3554,7.1080,-1,-4
3555,7.1100,-1,-4
3556,7.1120,-1,-4
3557,7.1140,-1,-4
3558,7.1160,-1,-4
3559,7.1180,-1,-4
3560,7.1200,-1,-4
3561,7.1220,-1,-4
3562,7.1240,-1,-4
3563,7.1260,-1,-4
3564,7.1280,-1,-4
3565,7.1300,-1,-4
3566,7.1320,-1,-4
3567,7.1340,-1,-4
3568,7.1360,-1,-4
3569,7.1380,-1,-4
3570,7.1400,-1,-4
3571,7.1420,-1,-4
3572,7.1440,-1,-4
3573,7.1460,-1,-4
3574,7.1480,-1,-4
3575,7.1500,-1,-4
3576,7.1520,-1,-4
3577,7.1540,-1,-4
3578,7.1560,-1,-4
3579,7.1580,-1,-4
3580,7.1600,-1,-4
3581,7.1620,0,-4
3582,7.1640,0,-4
3583,7.1660,0,-4
3584,7.1680,0,-4
3585,7.1700,0,-4
3586,7.1720,0,-4
3587,7.1740,0,-3
3588,7.1760,0,-3
3589,7.1780,0,-3
3590,7.1800,0,-3
3591,7.1820,0,-3
3592,7.1840,0,-3
3593,7.1860,0,-3
3594,7.1880,0,-3
3595,7.1900,0,-3
3596,7.1920,0,-3
3597,7.1940,0,-3
3598,7.1960,0,-3
3599,7.1980,0,-3
3600,7.2000,0,-3
3601,7.2020,0,-3
3602,7.2040,0,-3
3603,7.2060,0,-3
3604,7.2080,0,-3
3605,7.2100,0,-3
3606,7.2120,0,-3
3607,7.2140,1,-3
3608,7.2160,1,-3
3609,7.2180,1,-2
3610,7.2200,1,-2
3611,7.2220,1,-2
3612,7.2240,1,-2
3613,7.2260,1,-2
3614,7.2280,1,-2
3615,7.2300,1,-2
3616,7.2320,1,-2
3617,7.2340,1,-2
3618,7.2360,1,-2
3619,7.2380,1,-2
3620,7.2400,1,-2
3621,7.2420,1,-2
3622,7.2440,1,-2
3623,7.2460,1,-2
3624,7.2480,1,-2
3625,7.2500,1,-2
3626,7.2520,1,-2
3627,7.2540,1,-2
3628,7.2560,1,-2
3629,7.2580,1,-2
3630,7.2600,1,-2
3631,7.2620,2,-2
3632,7.2640,2,-2
3633,7.2660,2,-2
3634,7.2680,2,-2
3635,7.2700,2,-2
3636,7.2720,2,-2
3637,7.2740,2,-2
3638,7.2760,2,-2
3639,7.2780,2,-2
3640,7.2800,2,-2
3641,7.2820,2,-2
3642,7.2840,2,-1
3643,7.2860,2,-1
3644,7.2880,2,-1
3645,7.2900,2,-1
3646,7.2920,2,-1
3647,7.2940,2,-1
3648,7.2960,2,-1
3649,7.2980,2,-1
3650,7.3000,2,-1
3651,7.3020,2,-1
3652,7.3040,3,-1
3653,7.3060,3,-1
3654,7.3080,3,-1
3655,7.3100,3,-1
3656,7.3120,3,-1
3657,7.3140,3,-1
3658,7.3160,3,-1
3659,7.3180,3,-1
3660,7.3200,3,-1
3661,7.3220,3,-1
3662,7.3240,3,-1
3663,7.3260,3,-1
3664,7.3280,3,-1
3665,7.3300,3,0
3666,7.3320,3,0
3667,7.3340,3,0
3668,7.3360,3,0
3669,7.3380,3,0
3670,7.3400,3,0
3671,7.3420,3,0
3672,7.3440,3,0
3673,7.3460,3,0
3674,7.3480,4,0
3675,7.3500,4,0
3676,7.3520,4,0
3677,7.3540,4,0
3678,7.3560,4,0
3679,7.3580,4,0
3680,7.3600,4,0
3681,7.3620,4,0
3682,7.3640,4,0
3683,7.3660,4,0
3684,7.3680,4,0
3685,7.3700,4,0
3686,7.3720,4,0
3687,7.3740,4,0
3688,7.3760,4,0
3689,7.3780,4,0
3690,7.3800,4,0
3691,7.3820,4,0
3692,7.3840,4,0
3693,7.3860,4,0
3694,7.3880,4,0
3695,7.3900,5,0
3696,7.3920,5,0
3697,7.3940,5,0
3698,7.3960,5,0
3699,7.3980,5,0
3700,7.4000,5,0
3701,7.4020,5,1
3702,7.4040,5,1
3703,7.4060,5,1
3704,7.4080,5,1
3705,7.4100,5,1
3706,7.4120,5,1
3707,7.4140,5,1
3708,7.4160,5,1
3709,7.4180,5,1
3710,7.4200,5,1
3711,7.4220,5,1
3712,7.4240,5,1
3713,7.4260,5,1
3714,7.4280,6,1
3715,7.4300,6,1
3716,7.4320,6,1
3717,7.4340,6,1
3718,7.4360,6,1
3719,7.4380,6,1
3720,7.4400,6,1
3721,7.4420,6,1
3722,7.4440,6,1
3723,7.4460,6,1
3724,7.4480,6,1
3725,7.4500,6,1
3726,7.4520,6,1
3727,7.4540,6,1
3728,7.4560,6,1
3729,7.4580,6,1
3730,7.4600,6,1
3731,7.4620,6,2
3732,7.4640,6,2
3733,7.4660,6,2
3734,7.4680,6,2
3735,7.4700,6,2
3736,7.4720,7,2
3737,7.4740,7,2
3738,7.4760,7,2
3739,7.4780,7,2
3740,7.4800,7,2
3741,7.4820,7,2
3742,7.4840,7,2
3743,7.4860,7,2
3744,7.4880,7,2
3745,7.4900,7,2
3746,7.4920,7,2
3747,7.4940,7,2
3748,7.4960,7,2
3749,7.4980,7,2
3750,7.5000,7,2
3751,7.5020,7,2
3752,7.5040,7,2
3753,7.5060,7,2
3754,7.5080,7,2
3755,7.5100,7,2
3756,7.5120,7,2
3757,7.5140,8,2
3758,7.5160,8,2
3759,7.5180,8,2
3760,7.5200,8,2
3761,7.5220,8,2
3762,7.5240,8,2
3763,7.5260,8,2
3764,7.5280,8,2
3765,7.5300,8,2
3766,7.5320,8,2
3767,7.5340,8,2
3768,7.5360,8,2
3769,7.5380,8,2
3770,7.5400,8,2
3771,7.5420,8,2
3772,7.5440,8,2
3773,7.5460,8,2
3774,7.5480,8,2
3775,7.5500,8,2
3776,7.5520,8,2
3777,7.5540,8,2
3778,7.5560,8,2
3779,7.5580,8,2
3780,7.5600,9,2
3781,7.5620,9,2
3782,7.5640,9,2
3783,7.5660,9,2
3784,7.5680,9,2
3785,7.5700,9,2
3786,7.5720,9,2
3787,7.5740,9,3
3788,7.5760,9,3
3789,7.5780,9,3
3790,7.5800,9,3
3791,7.5820,9,3
3792,7.5840,9,3
3793,7.5860,9,3
3794,7.5880,9,3
3795,7.5900,9,3
3796,7.5920,9,3
3797,7.5940,9,3
3798,7.5960,9,3
3799,7.5980,9,3
3800,7.6000,9,3
3801,7.6020,9,3
3802,7.6040,9,3
3803,7.6060,9,3
3804,7.6080,9,3
3805,7.6100,9,3
3806,7.6120,9,3
3807,7.6140,9,3
3808,7.6160,9,3
3809,7.6180,9,3
3810,7.6200,9,3
3811,7.6220,9,3
3812,7.6240,9,3
3813,7.6260,9,3
3814,7.6280,9,3
3815,7.6300,9,3
3816,7.6320,9,3
3817,7.6340,9,3
3818,7.6360,9,3
3819,7.6380,9,3
3820,7.6400,9,3
3821,7.6420,9,3
3822,7.6440,9,3
3823,7.6460,9,3
3824,7.6480,9,3
3825,7.6500,9,3
3826,7.6520,9,3
3827,7.6540,9,3
3828,7.6560,9,3
3829,7.6580,9,3
3830,7.6600,9,3
3831,7.6620,9,3
3832,7.6640,9,3
3833,7.6660,9,3
3834,7.6680,10,3
3835,7.6700,10,3
3836,7.6720,10,3
3837,7.6740,10,3
3838,7.6760,10,3
3839,7.6780,10,3
3840,7.6800,10,3
3841,7.6820,10,3
3842,7.6840,10,3
3843,7.6860,10,3
3844,7.6880,10,3
3845,7.6900,10,3
3846,7.6920,10,3
3847,7.6940,10,3
3848,7.6960,10,3
3849,7.6980,10,3
3850,7.7000,10,4
3851,7.7020,10,4
3852,7.7040,10,4
3853,7.7060,10,4
3854,7.7080,10,4
3855,7.7100,10,4
3856,7.7120,10,4
3857,7.7140,10,4
3858,7.7160,10,4
3859,7.7180,10,4
3860,7.7200,10,4
3861,7.7220,10,4
3862,7.7240,10,4
3863,7.7260,10,4
3864,7.7280,10,4
3865,7.7300,10,4
3866,7.7320,10,4
3867,7.7340,10,4
3868,7.7360,10,4
3869,7.7380,10,4
3870,7.7400,10,4
3871,7.7420,10,4
3872,7.7440,10,4
3873,7.7460,10,4
3874,7.7480,10,4
3875,7.7500,10,4
3876,7.7520,10,4
3877,7.7540,10,4
3878,7.7560,10,4
3879,7.7580,10,4
3880,7.7600,10,4
3881,7.7620,10,4
3882,7.7640,10,4
3883,7.7660,10,4
3884,7.7680,10,4
3885,7.7700,10,4
3886,7.7720,10,4
3887,7.7740,10,4
3888,7.7760,10,4
3889,7.7780,10,4
3890,7.7800,10,4
3891,7.7820,10,4
3892,7.7840,10,4
3893,7.7860,10,4
3894,7.7880,10,4
3895,7.7900,10,4
3896,7.7920,10,4
3897,7.7940,10,4
3898,7.7960,10,4
3899,7.7980,10,4
3900,7.8000,10,4
3901,7.8020,10,4
3902,7.8040,10,4
3903,7.8060,10,4
3904,7.8080,10,4
3905,7.8100,10,4
3906,7.8120,10,4
3907,7.8140,10,4
3908,7.8160,10,4
3909,7.8180,10,4
3910,7.8200,10,4
3911,7.8220,10,4
3912,7.8240,10,4
3913,7.8260,10,4
3914,7.8280,10,4
3915,7.8300,10,4
3916,7.8320,10,4
3917,7.8340,10,4
3918,7.8360,10,4
3919,7.8380,10,4
3920,7.8400,10,4
3921,7.8420,10,4
3922,7.8440,10,4
3923,7.8460,10,4
3924,7.8480,10,4
3925,7.8500,10,4
3926,7.8520,10,4
3927,7.8540,10,4
3928,7.8560,10,4
3929,7.8580,10,4
3930,7.8600,10,4
3931,7.8620,10,4
3932,7.8640,10,4
3933,7.8660,10,4
3934,7.8680,10,4
3935,7.8700,10,4
3936,7.8720,10,4
3937,7.8740,10,4
3938,7.8760,10,4
3939,7.8780,10,4
3940,7.8800,10,4
3941,7.8820,10,4
3942,7.8840,10,4
3943,7.8860,10,4
3944,7.8880,10,4
3945,7.8900,10,4
3946,7.8920,10,4
3947,7.8940,10,4
3948,7.8960,10,4
3949,7.8980,10,4
3950,7.9000,10,4
3951,7.9020,10,4
3952,7.9040,10,4
3953,7.9060,10,4
3954,7.9080,10,4
3955,7.9100,10,4
3956,7.9120,10,4
3957,7.9140,10,4
3958,7.9160,10,4
3959,7.9180,10,4
3960,7.9200,10,4
3961,7.9220,10,4
3962,7.9240,10,4
3963,7.9260,10,4
3964,7.9280,10,4
3965,7.9300,10,4
3966,7.9320,10,4
3967,7.9340,10,4
3968,7.9360,10,4
3969,7.9380,10,4
3970,7.9400,10,4
3971,7.9420,10,4
3972,7.9440,10,4
3973,7.9460,10,4
3974,7.9480,10,4
3975,7.9500,10,4
3976,7.9520,10,4
3977,7.9540,10,4
3978,7.9560,10,4
3979,7.9580,10,4
3980,7.9600,10,4
3981,7.9620,10,4
3982,7.9640,10,4
3983,7.9660,10,4
3984,7.9680,10,4
3985,7.9700,10,4
3986,7.9720,10,4
3987,7.9740,10,4
3988,7.9760,10,4
3989,7.9780,10,4
3990,7.9800,10,4
3991,7.9820,10,4
3992,7.9840,10,4
3993,7.9860,10,4
3994,7.9880,10,4
3995,7.9900,10,4
3996,7.9920,10,4
3997,7.9940,10,4
3998,7.9960,10,4
3999,7.9980,10,4
4000,8.0000,10,4
4001,8.0020,10,4
4002,8.0040,10,4
4003,8.0060,10,4
4004,8.0080,10,4
4005,8.0100,10,4
4006,8.0120,10,4
4007,8.0140,10,4
4008,8.0160,10,4
4009,8.0180,10,4
4010,8.0200,10,4
4011,8.0220,10,4
4012,8.0240,10,4
4013,8.0260,10,4
4014,8.0280,10,4
4015,8.0300,10,4
4016,8.0320,10,4
4017,8.0340,10,4
4018,8.0360,10,4
4019,8.0380,10,4
4020,8.0400,10,4
4021,8.0420,10,4
4022,8.0440,10,4
4023,8.0460,10,4
4024,8.0480,10,4
4025,8.0500,10,4
4026,8.0520,10,4
4027,8.0540,10,4
4028,8.0560,10,4
4029,8.0580,10,4
4030,8.0600,10,4
4031,8.0620,10,4
4032,8.0640,10,4
4033,8.0660,10,4
4034,8.0680,10,4
4035,8.0700,10,4
4036,8.0720,10,4
4037,8.0740,10,4
4038,8.0760,10,4
4039,8.0780,10,4
4040,8.0800,10,4
4041,8.0820,10,4
4042,8.0840,10,4
4043,8.0860,10,4
4044,8.0880,10,4
4045,8.0900,9,4
4046,8.0920,9,4
4047,8.0940,9,4
4048,8.0960,9,4
4049,8.0980,9,4
4050,8.1000,9,4
4051,8.1020,9,4
4052,8.1040,9,4
4053,8.1060,9,4
4054,8.1080,9,4
4055,8.1100,9,4
4056,8.1120,9,4
4057,8.1140,9,4
4058,8.1160,9,4
4059,8.1180,9,4
4060,8.1200,9,4
4061,8.1220,9,4
4062,8.1240,9,4
4063,8.1260,9,4
4064,8.1280,9,4
4065,8.1300,9,4
4066,8.1320,9,4
4067,8.1340,9,4
4068,8.1360,9,4
4069,8.1380,9,4
4070,8.1400,9,4
4071,8.1420,9,4
4072,8.1440,9,4
4073,8.1460,9,4
4074,8.1480,9,4
4075,8.1500,9,4
4076,8.1520,9,4
4077,8.1540,9,4
4078,8.1560,9,4
4079,8.1580,9,4
4080,8.1600,9,3
4081,8.1620,9,3
4082,8.1640,9,3
4083,8.1660,9,3
4084,8.1680,9,3
4085,8.1700,9,3
4086,8.1720,9,3
4087,8.1740,9,3
4088,8.1760,9,3
4089,8.1780,9,3
4090,8.1800,9,3
4091,8.1820,9,3
4092,8.1840,9,3
4093,8.1860,9,3
4094,8.1880,9,3
4095,8.1900,9,3
4096,8.1920,9,3
4097,8.1940,9,3
4098,8.1960,9,3
4099,8.1980,8,3
4100,8.2000,8,3
4101,8.2020,8,3
4102,8.2040,8,3
4103,8.2060,8,3
4104,8.2080,8,3
4105,8.2100,8,3
4106,8.2120,8,3
4107,8.2140,8,3
4108,8.2160,8,3
4109,8.2180,8,3
4110,8.2200,8,3
4111,8.2220,8,3
4112,8.2240,8,3
4113,8.2260,8,3
4114,8.2280,8,3
4115,8.2300,8,3
4116,8.2320,8,3
4117,8.2340,8,3
4118,8.2360,8,3
4119,8.2380,8,3
4120,8.2400,8,3
4121,8.2420,8,3
4122,8.2440,7,3
4123,8.2460,7,3
4124,8.2480,7,3
4125,8.2500,7,3
4126,8.2520,7,2
4127,8.2540,7,2
4128,8.2560,7,2
4129,8.2580,7,2
4130,8.2600,7,2
4131,8.2620,7,2
4132,8.2640,7,2
4133,8.2660,7,2
4134,8.2680,7,2
4135,8.2700,7,2
4136,8.2720,7,2
4137,8.2740,7,2
4138,8.2760,7,2
4139,8.2780,7,2
4140,8.2800,7,2
4141,8.2820,7,2
4142,8.2840,7,2
4143,8.2860,6,2
4144,8.2880,6,2
4145,8.2900,6,2
4146,8.2920,6,2
4147,8.2940,6,2
4148,8.2960,6,2
4149,8.2980,6,2
4150,8.3000,6,2
4151,8.3020,6,2
4152,8.3040,6,2
4153,8.3060,6,2
4154,8.3080,6,2
4155,8.3100,6,2
4156,8.3120,6,2
4157,8.3140,6,2
4158,8.3160,6,2
4159,8.3180,6,2
4160,8.3200,6,2
4161,8.3220,6,2
4162,8.3240,6,2
4163,8.3260,6,2
4164,8.3280,5,2
4165,8.3300,5,2
4166,8.3320,5,2
4167,8.3340,5,2
4168,8.3360,5,2
4169,8.3380,5,1
4170,8.3400,5,1
4171,8.3420,5,1
4172,8.3440,5,1
4173,8.3460,5,1
4174,8.3480,5,1
4175,8.3500,5,1
4176,8.3520,5,1
4177,8.3540,5,1
4178,8.3560,5,1
4179,8.3580,5,1
4180,8.3600,5,1
4181,8.3620,5,1
4182,8.3640,5,1
4183,8.3660,5,1
4184,8.3680,4,1
4185,8.3700,4,1
4186,8.3720,4,1
4187,8.3740,4,1
4188,8.3760,4,1
4189,8.3780,4,1
4190,8.3800,4,1
4191,8.3820,4,1
4192,8.3840,4,1
4193,8.3860,4,1
4194,8.3880,4,0
4195,8.3900,4,0
4196,8.3920,4,0
4197,8.3940,4,0
4198,8.3960,4,0
4199,8.3980,4,0
4200,8.4000,4,0
4201,8.4020,4,0
4202,8.4040,4,0
4203,8.4060,4,0
4204,8.4080,4,0
4205,8.4100,3,0
4206,8.4120,3,0
4207,8.4140,3,0
4208,8.4160,3,0
4209,8.4180,3,0
4210,8.4200,3,0
4211,8.4220,3,0
4212,8.4240,3,0
4213,8.4260,3,0
4214,8.4280,3,0
4215,8.4300,3,0
4216,8.4320,3,0
4217,8.4340,3,0
4218,8.4360,3,0
4219,8.4380,3,0
4220,8.4400,3,0
4221,8.4420,3,0
4222,8.4440,3,0
4223,8.4460,3,0
4224,8.4480,3,0
4225,8.4500,3,0
4226,8.4520,2,-1
4227,8.4540,2,-1
4228,8.4560,2,-1
4229,8.4580,2,-1
4230,8.4600,2,-1
4231,8.4620,2,-1
4232,8.4640,2,-1
4233,8.4660,2,-1
4234,8.4680,2,-1
4235,8.4700,2,-1
4236,8.4720,2,-1
4237,8.4740,2,-1
4238,8.4760,2,-1
4239,8.4780,2,-1
4240,8.4800,2,-1
4241,8.4820,2,-1
4242,8.4840,2,-1
4243,8.4860,2,-1
4244,8.4880,2,-1
4245,8.4900,2,-1
4246,8.4920,2,-1
4247,8.4940,2,-2
4248,8.4960,1,-2
4249,8.4980,1,-2
4250,8.5000,1,-2
4251,8.5020,1,-2
4252,8.5040,1,-2
4253,8.5060,1,-2
4254,8.5080,1,-2
4255,8.5100,1,-2
4256,8.5120,1,-2
4257,8.5140,1,-2
4258,8.5160,1,-2
4259,8.5180,1,-2
4260,8.5200,1,-2
4261,8.5220,1,-2
4262,8.5240,1,-2
4263,8.5260,1,-2
4264,8.5280,1,-2
4265,8.5300,1,-2
4266,8.5320,1,-2
4267,8.5340,1,-2
4268,8.5360,1,-2
4269,8.5380,1,-2
4270,8.5400,1,-2
4271,8.5420,0,-2
4272,8.5440,0,-2
4273,8.5460,0,-2
4274,8.5480,0,-2
4275,8.5500,0,-2
4276,8.5520,0,-2
4277,8.5540,0,-3
4278,8.5560,0,-3
4279,8.5580,0,-3
4280,8.5600,0,-3
4281,8.5620,0,-3
4282,8.5640,0,-3
4283,8.5660,0,-3
4284,8.5680,0,-3
4285,8.5700,0,-3
4286,8.5720,0,-3
4287,8.5740,0,-3
4288,8.5760,0,-3
4289,8.5780,0,-3
4290,8.5800,0,-3
4291,8.5820,0,-3
4292,8.5840,0,-3
4293,8.5860,0,-3
4294,8.5880,0,-3
4295,8.5900,0,-3
4296,8.5920,0,-3
4297,8.5940,0,-3
4298,8.5960,-1,-3
4299,8.5980,-1,-4
4300,8.6000,-1,-4
4301,8.6020,-1,-4
4302,8.6040,-1,-4
4303,8.6060,-1,-4
4304,8.6080,-1,-4
4305,8.6100,-1,-4
4306,8.6120,-1,-4
4307,8.6140,-1,-4
4308,8.6160,-1,-4
4309,8.6180,-1,-4
4310,8.6200,-1,-4
4311,8.6220,-1,-4
4312,8.6240,-1,-4
4313,8.6260,-1,-4
4314,8.6280,-1,-4
4315,8.6300,-1,-4
4316,8.6320,-1,-4
4317,8.6340,-1,-4
4318,8.6360,-1,-4
4319,8.6380,-1,-4
4320,8.6400,-1,-4
4321,8.6420,-1,-4
4322,8.6440,-1,-4
4323,8.6460,-1,-4
4324,8.6480,-1,-4
4325,8.6500,-1,-4
4326,8.6520,-1,-4
4327,8.6540,-1,-4
4328,8.6560,-2,-4
4329,8.6580,-2,-4
4330,8.6600,-2,-4
4331,8.6620,-2,-4
4332,8.6640,-2,-4
4333,8.6660,-2,-5
4334,8.6680,-2,-5
4335,8.6700,-2,-5
4336,8.6720,-2,-5
4337,8.6740,-2,-5
4338,8.6760,-2,-5
4339,8.6780,-2,-5
4340,8.6800,-2,-5
4341,8.6820,-2,-5
4342,8.6840,-2,-5
4343,8.6860,-2,-5
4344,8.6880,-2,-5
4345,8.6900,-2,-5
4346,8.6920,-2,-5
4347,8.6940,-2,-5
4348,8.6960,-2,-5
4349,8.6980,-2,-5
4350,8.7000,-2,-5
4351,8.7020,-2,-5
4352,8.7040,-2,-5
4353,8.7060,-2,-5
4354,8.7080,-2,-5
4355,8.7100,-2,-5
4356,8.7120,-2,-5
4357,8.7140,-2,-5
4358,8.7160,-2,-5
4359,8.7180,-2,-5
4360,8.7200,-2,-5
4361,8.7220,-2,-5
4362,8.7240,-2,-5
4363,8.7260,-2,-6
4364,8.7280,-2,-6
4365,8.7300,-2,-6
4366,8.7320,-2,-6
4367,8.7340,-2,-6
4368,8.7360,-2,-6
4369,8.7380,-2,-6
4370,8.7400,-2,-6
4371,8.7420,-2,-6
4372,8.7440,-3,-6
4373,8.7460,-3,-6
4374,8.7480,-3,-6
4375,8.7500,-3,-6
4376,8.7520,-3,-6
4377,8.7540,-3,-6
4378,8.7560,-3,-6
4379,8.7580,-3,-6
4380,8.7600,-3,-6
4381,8.7620,-3,-6
4382,8.7640,-3,-6
4383,8.7660,-3,-6
4384,8.7680,-3,-6
4385,8.7700,-3,-6
4386,8.7720,-3,-6
4387,8.7740,-3,-6
4388,8.7760,-3,-6
4389,8.7780,-3,-6
4390,8.7800,-3,-6
4391,8.7820,-3,-6
4392,8.7840,-3,-6
4393,8.7860,-3,-6
4394,8.7880,-3,-6
4395,8.7900,-3,-6
4396,8.7920,-3,-6
4397,8.7940,-3,-6
4398,8.7960,-3,-6
4399,8.7980,-3,-6
4400,8.8000,-3,-6
4401,8.8020,-3,-6
4402,8.8040,-3,-6
4403,8.8060,-3,-6
4404,8.8080,-3,-6
4405,8.8100,-3,-6
4406,8.8120,-3,-6
4407,8.8140,-3,-6
4408,8.8160,-3,-6
4409,8.8180,-3,-6
4410,8.8200,-3,-6
4411,8.8220,-3,-6
4412,8.8240,-3,-6
4413,8.8260,-3,-6
4414,8.8280,-3,-6
4415,8.8300,-3,-6
4416,8.8320,-3,-6
4417,8.8340,-3,-6
4418,8.8360,-3,-6
4419,8.8380,-3,-6
4420,8.8400,-3,-6
4421,8.8420,-3,-6
4422,8.8440,-3,-6
4423,8.8460,-3,-6
4424,8.8480,-3,-6
4425,8.8500,-3,-6
4426,8.8520,-3,-6
4427,8.8540,-3,-6
4428,8.8560,-3,-6
4429,8.8580,-3,-6
4430,8.8600,-3,-6
4431,8.8620,-3,-6
4432,8.8640,-3,-6
4433,8.8660,-3,-6
4434,8.8680,-3,-6
4435,8.8700,-3,-6
4436,8.8720,-3,-6
4437,8.8740,-3,-6
4438,8.8760,-3,-6
4439,8.8780,-3,-6
4440,8.8800,-3,-6
4441,8.8820,-3,-6
4442,8.8840,-3,-6
4443,8.8860,-3,-6
4444,8.8880,-3,-6
4445,8.8900,-3,-6
4446,8.8920,-3,-6
4447,8.8940,-3,-6
4448,8.8960,-3,-6
4449,8.8980,-3,-6
4450,8.9000,-3,-6
4451,8.9020,-3,-6
4452,8.9040,-3,-6
4453,8.9060,-3,-6
4454,8.9080,-3,-6
4455,8.9100,-3,-6
4456,8.9120,-3,-6
4457,8.9140,-3,-6
4458,8.9160,-3,-6
4459,8.9180,-3,-6
4460,8.9200,-3,-6
4461,8.9220,-3,-6
4462,8.9240,-3,-6
4463,8.9260,-3,-6
4464,8.9280,-3,-6
4465,8.9300,-3,-6
4466,8.9320,-3,-6
4467,8.9340,-3,-6
4468,8.9360,-3,-6
4469,8.9380,-3,-6
4470,8.9400,-3,-6
4471,8.9420,-3,-6
4472,8.9440,-3,-6
4473,8.9460,-3,-6
4474,8.9480,-3,-6
4475,8.9500,-3,-6
4476,8.9520,-3,-6
4477,8.9540,-3,-6
4478,8.9560,-3,-6
4479,8.9580,-3,-6
4480,8.9600,-3,-6
4481,8.9620,-3,-6
4482,8.9640,-2,-6
4483,8.9660,-2,-6
4484,8.9680,-2,-6
4485,8.9700,-2,-6
4486,8.9720,-2,-6
4487,8.9740,-2,-6
4488,8.9760,-2,-6
4489,8.9780,-2,-6
4490,8.9800,-2,-6
4491,8.9820,-2,-6
4492,8.9840,-2,-6
4493,8.9860,-2,-6
4494,8.9880,-2,-6
4495,8.9900,-2,-6
4496,8.9920,-2,-6
4497,8.9940,-2,-5
4498,8.9960,-2,-5
4499,8.9980,-2,-5
4500,9.0000,-2,-5
4501,9.0020,-2,-5
4502,9.0040,-2,-5
4503,9.0060,-2,-5
4504,9.0080,-2,-5
4505,9.0100,-2,-5
4506,9.0120,-2,-5
4507,9.0140,-2,-5
4508,9.0160,-2,-5
4509,9.0180,-2,-5
4510,9.0200,-2,-5
4511,9.0220,-2,-5
4512,9.0240,-2,-5
4513,9.0260,-2,-5
4514,9.0280,-2,-5
4515,9.0300,-2,-5
4516,9.0320,-2,-5
4517,9.0340,-2,-5
4518,9.0360,-2,-5
4519,9.0380,-2,-5
4520,9.0400,-2,-5
4521,9.0420,-2,-5
4522,9.0440,-2,-5
4523,9.0460,-2,-5
4524,9.0480,-2,-5
4525,9.0500,-2,-5
4526,9.0520,-1,-5
4527,9.0540,-1,-4
4528,9.0560,-1,-4
4529,9.0580,-1,-4
4530,9.0600,-1,-4
4531,9.0620,-1,-4
4532,9.0640,-1,-4
4533,9.0660,-1,-4
4534,9.0680,-1,-4
4535,9.0700,-1,-4
4536,9.0720,-1,-4
4537,9.0740,-1,-4
4538,9.0760,-1,-4
4539,9.0780,-1,-4
4540,9.0800,-1,-4
4541,9.0820,-1,-4
4542,9.0840,-1,-4
4543,9.0860,-1,-4
4544,9.0880,-1,-4
4545,9.0900,-1,-4
4546,9.0920,-1,-4
4547,9.0940,-1,-4
4548,9.0960,-1,-4
4549,9.0980,-1,-4
4550,9.1000,-1,-4
4551,9.1020,-1,-4
4552,9.1040,-1,-4
4553,9.1060,-1,-4
4554,9.1080,-1,-4
4555,9.1100,0,-4
4556,9.1120,0,-4
4557,9.1140,0,-4
4558,9.1160,0,-4
4559,9.1180,0,-4
4560,9.1200,0,-4
4561,9.1220,0,-4
4562,9.1240,0,-4
4563,9.1260,0,-3
4564,9.1280,0,-3
4565,9.1300,0,-3
4566,9.1320,0,-3
4567,9.1340,0,-3
4568,9.1360,0,-3
4569,9.1380,0,-3
4570,9.1400,0,-3
4571,9.1420,0,-3
4572,9.1440,0,-3
4573,9.1460,0,-3
4574,9.1480,0,-3
4575,9.1500,0,-3
4576,9.1520,0,-3
4577,9.1540,0,-3
4578,9.1560,0,-3
4579,9.1580,0,-3
4580,9.1600,0,-3
4581,9.1620,0,-3
4582,9.1640,1,-3
4583,9.1660,1,-3
4584,9.1680,1,-3
4585,9.1700,1,-3
4586,9.1720,1,-2
4587,9.1740,1,-2
4588,9.1760,1,-2
4589,9.1780,1,-2
4590,9.1800,1,-2
4591,9.1820,1,-2
4592,9.1840,1,-2
4593,9.1860,1,-2
4594,9.1880,1,-2
4595,9.1900,1,-2
4596,9.1920,1,-2
4597,9.1940,1,-2
4598,9.1960,1,-2
4599,9.1980,1,-2
4600,9.2000,1,-2
4601,9.2020,1,-2
4602,9.2040,1,-2
4603,9.2060,1,-2
4604,9.2080,1,-2
4605,9.2100,2,-2
4606,9.2120,2,-2
4607,9.2140,2,-2
4608,9.2160,2,-2
4609,9.2180,2,-2
4610,9.2200,2,-2
4611,9.2220,2,-2
4612,9.2240,2,-2
4613,9.2260,2,-2
4614,9.2280,2,-2
4615,9.2300,2,-2
4616,9.2320,2,-2
4617,9.2340,2,-2
4618,9.2360,2,-1
4619,9.2380,2,-1
4620,9.2400,2,-1
4621,9.2420,2,-1
4622,9.2440,2,-1
4623,9.2460,2,-1
4624,9.2480,2,-1
4625,9.2500,2,-1
4626,9.2520,2,-1
4627,9.2540,3,-1
4628,9.2560,3,-1
4629,9.2580,3,-1
4630,9.2600,3,-1
4631,9.2620,3,-1
4632,9.2640,3,-1
4633,9.2660,3,-1
4634,9.2680,3,-1
4635,9.2700,3,-1
4636,9.2720,3,-1
4637,9.2740,3,-1
4638,9.2760,3,-1
4639,9.2780,3,-1
4640,9.2800,3,0
4641,9.2820,3,0
4642,9.2840,3,0
4643,9.2860,3,0
4644,9.2880,3,0
4645,9.2900,3,0
4646,9.2920,3,0
4647,9.2940,3,0
4648,9.2960,4,0
4649,9.2980,4,0
4650,9.3000,4,0
4651,9.3020,4,0
4652,9.3040,4,0
4653,9.3060,4,0
4654,9.3080,4,0
4655,9.3100,4,0
4656,9.3120,4,0
4657,9.3140,4,0
4658,9.3160,4,0
4659,9.3180,4,0
4660,9.3200,4,0
4661,9.3220,4,0
4662,9.3240,4,0
4663,9.3260,4,0
4664,9.3280,4,0
4665,9.3300,4,0
4666,9.3320,4,0
4667,9.3340,4,0
4668,9.3360,4,0
4669,9.3380,5,0
4670,9.3400,5,0
4671,9.3420,5,0
4672,9.3440,5,0
4673,9.3460,5,0
4674,9.3480,5,0
4675,9.3500,5,0
4676,9.3520,5,1
4677,9.3540,5,1
4678,9.3560,5,1
4679,9.3580,5,1
4680,9.3600,5,1
4681,9.3620,5,1
4682,9.3640,5,1
4683,9.3660,5,1
4684,9.3680,5,1
4685,9.3700,5,1
4686,9.3720,5,1
4687,9.3740,5,1
4688,9.3760,5,1
4689,9.3780,6,1
4690,9.3800,6,1
4691,9.3820,6,1
4692,9.3840,6,1
4693,9.3860,6,1
4694,9.3880,6,1
4695,9.3900,6,1
4696,9.3920,6,1
4697,9.3940,6,1
4698,9.3960,6,1
4699,9.3980,6,1
4700,9.4000,6,1
4701,9.4020,6,1
4702,9.4040,6,1
4703,9.4060,6,1
4704,9.4080,6,2
4705,9.4100,6,2
4706,9.4120,6,2
4707,9.4140,6,2
4708,9.4160,6,2
4709,9.4180,6,2
4710,9.4200,7,2
4711,9.4220,7,2
4712,9.4240,7,2
4713,9.4260,7,2
4714,9.4280,7,2
4715,9.4300,7,2
4716,9.4320,7,2
4717,9.4340,7,2
4718,9.4360,7,2
4719,9.4380,7,2
4720,9.4400,7,2
4721,9.4420,7,2
4722,9.4440,7,2
4723,9.4460,7,2
4724,9.4480,7,2
4725,9.4500,7,2
4726,9.4520,7,2
4727,9.4540,7,2
4728,9.4560,7,2
4729,9.4580,7,2
4730,9.4600,7,2
4731,9.4620,7,2
4732,9.4640,8,2
4733,9.4660,8,2
4734,9.4680,8,2
4735,9.4700,8,2
4736,9.4720,8,2
4737,9.4740,8,2
4738,9.4760,8,2
4739,9.4780,8,2
4740,9.4800,8,2
4741,9.4820,8,2
4742,9.4840,8,2
4743,9.4860,8,2
4744,9.4880,8,2
4745,9.4900,8,2
4746,9.4920,8,2
4747,9.4940,8,2
4748,9.4960,8,2
4749,9.4980,8,2
4750,9.5000,8,2
4751,9.5020,8,2
4752,9.5040,8,2
4753,9.5060,8,2
4754,9.5080,9,2
4755,9.5100,9,2
4756,9.5120,9,3
4757,9.5140,9,3
4758,9.5160,9,3
4759,9.5180,9,3
4760,9.5200,9,3
4761,9.5220,9,3
4762,9.5240,9,3
4763,9.5260,9,3
4764,9.5280,9,3
4765,9.5300,9,3
4766,9.5320,9,3
4767,9.5340,9,3
4768,9.5360,9,3
4769,9.5380,9,3
4770,9.5400,9,3
4771,9.5420,9,3
4772,9.5440,9,3
4773,9.5460,9,3
4774,9.5480,9,3
4775,9.5500,9,3
4776,9.5520,9,3
4777,9.5540,9,3
4778,9.5560,9,3
4779,9.5580,9,3
4780,9.5600,9,3
4781,9.5620,9,3
4782,9.5640,9,3
4783,9.5660,9,3
4784,9.5680,9,3
4785,9.5700,9,3
4786,9.5720,9,3
4787,9.5740,9,3
4788,9.5760,9,3
4789,9.5780,9,3
4790,9.5800,9,3
4791,9.5820,9,3
4792,9.5840,9,3
4793,9.5860,9,3
4794,9.5880,9,3
4795,9.5900,9,3
4796,9.5920,9,3
4797,9.5940,9,3
4798,9.5960,9,3
4799,9.5980,9,3
4800,9.6000,9,3
4801,9.6020,9,3
4802,9.6040,9,3
4803,9.6060,9,3
4804,9.6080,9,3
4805,9.6100,9,3
4806,9.6120,9,3
4807,9.6140,9,3
4808,9.6160,10,3
4809,9.6180,10,3
4810,9.6200,10,3
4811,9.6220,10,3
4812,9.6240,10,4
4813,9.6260,10,4
4814,9.6280,10,4
4815,9.6300,10,4
4816,9.6320,10,4
4817,9.6340,10,4
4818,9.6360,10,4
4819,9.6380,10,4
4820,9.6400,10,4
4821,9.6420,10,4
4822,9.6440,10,4
4823,9.6460,10,4
4824,9.6480,10,4
4825,9.6500,10,4
4826,9.6520,10,4
4827,9.6540,10,4
4828,9.6560,10,4
4829,9.6580,10,4
4830,9.6600,10,4
4831,9.6620,10,4
4832,9.6640,10,4
4833,9.6660,10,4
4834,9.6680,10,4
4835,9.6700,10,4
4836,9.6720,10,4
4837,9.6740,10,4
4838,9.6760,10,4
4839,9.6780,10,4
4840,9.6800,10,4
4841,9.6820,10,4
4842,9.6840,10,4
4843,9.6860,10,4
4844,9.6880,10,4
4845,9.6900,10,4
4846,9.6920,10,4
4847,9.6940,10,4
4848,9.6960,10,4
4849,9.6980,10,4
4850,9.7000,10,4
4851,9.7020,10,4
4852,9.7040,10,4
4853,9.7060,10,4
4854,9.7080,10,4
4855,9.7100,10,4
4856,9.7120,10,4
4857,9.7140,10,4
4858,9.7160,10,4
4859,9.7180,10,4
4860,9.7200,10,4
4861,9.7220,10,4
4862,9.7240,10,4
4863,9.7260,10,4
4864,9.7280,10,4
4865,9.7300,10,4
4866,9.7320,10,4
4867,9.7340,10,4
4868,9.7360,10,4
4869,9.7380,10,4
4870,9.7400,10,4
4871,9.7420,10,4
4872,9.7440,10,4
4873,9.7460,10,4
4874,9.7480,10,4
4875,9.7500,10,4
4876,9.7520,10,4
4877,9.7540,10,4
4878,9.7560,10,4
4879,9.7580,10,4
4880,9.7600,10,4
4881,9.7620,10,4
4882,9.7640,10,4
4883,9.7660,10,4
4884,9.7680,10,4
4885,9.7700,10,4
4886,9.7720,10,4
4887,9.7740,10,4
4888,9.7760,10,4
4889,9.7780,10,4
4890,9.7800,10,4
4891,9.7820,10,4
4892,9.7840,10,4
4893,9.7860,10,4
4894,9.7880,10,4
4895,9.7900,10,4
4896,9.7920,10,4
4897,9.7940,10,4
4898,9.7960,10,4
4899,9.7980,10,4
4900,9.8000,10,4
4901,9.8020,10,4
4902,9.8040,10,4
4903,9.8060,10,4
4904,9.8080,10,4
4905,9.8100,10,4
4906,9.8120,10,4
4907,9.8140,10,4
4908,9.8160,10,4
4909,9.8180,10,4
4910,9.8200,10,4
4911,9.8220,10,4
4912,9.8240,10,4
4913,9.8260,10,4
4914,9.8280,10,4
4915,9.8300,10,4
4916,9.8320,10,4
4917,9.8340,10,4
4918,9.8360,10,4
4919,9.8380,10,4
4920,9.8400,10,4
4921,9.8420,10,4
4922,9.8440,10,4
4923,9.8460,10,4
4924,9.8480,10,4
4925,9.8500,10,4
4926,9.8520,10,4
4927,9.8540,10,4
4928,9.8560,10,4
4929,9.8580,10,4
4930,9.8600,10,4
4931,9.8620,10,4
4932,9.8640,10,4
4933,9.8660,10,4
4934,9.8680,10,4
4935,9.8700,10,4
4936,9.8720,10,4
4937,9.8740,10,4
4938,9.8760,10,4
4939,9.8780,10,4
4940,9.8800,10,4
4941,9.8820,10,4
4942,9.8840,10,4
4943,9.8860,10,4
4944,9.8880,10,4
4945,9.8900,10,4
4946,9.8920,10,4
4947,9.8940,10,4
4948,9.8960,10,4
4949,9.8980,10,4
4950,9.9000,10,4
4951,9.9020,10,4
4952,9.9040,10,4
4953,9.9060,10,4
4954,9.9080,10,4
4955,9.9100,10,4
4956,9.9120,10,4
4957,9.9140,10,4
4958,9.9160,10,4
4959,9.9180,10,4
4960,9.9200,10,4
4961,9.9220,10,4
4962,9.9240,10,4
4963,9.9260,10,4
4964,9.9280,10,4
4965,9.9300,10,4
4966,9.9320,10,4
4967,9.9340,10,4
4968,9.9360,10,4
4969,9.9380,10,4
4970,9.9400,10,4
4971,9.9420,10,4
4972,9.9440,10,4
4973,9.9460,10,4
4974,9.9480,10,4
4975,9.9500,10,4
4976,9.9520,10,4
4977,9.9540,10,4
4978,9.9560,10,4
4979,9.9580,10,4
4980,9.9600,10,4
4981,9.9620,10,4
4982,9.9640,10,4
4983,9.9660,10,4
4984,9.9680,10,4
4985,9.9700,10,4
4986,9.9720,10,4
4987,9.9740,10,4
4988,9.9760,10,4
4989,9.9780,10,4
4990,9.9800,10,4
4991,9.9820,10,4
4992,9.9840,10,4
4993,9.9860,10,4
4994,9.9880,10,4
4995,9.9900,10,4
4996,9.9920,10,4
4997,9.9940,10,4
4998,9.9960,10,4
4999,9.9980,10,4
5000,10.0000,10,4