line,time,ticks,count B,count C,count D
486,0.9720,92
487,0.9740,92
488,0.9760,92
489,0.9780,92
490,0.9800,92
491,0.9820,91
492,0.9840,91
493,0.9860,91
494,0.9880,90
495,0.9900,90
496,0.9920,90
497,0.9940,90
498,0.9960,89
499,0.9980,89
500,1.0000,88
501,1.0020,88
502,1.0040,88
503,1.0060,87
504,1.0080,87
505,1.0100,86
506,1.0120,86
507,1.0140,85
508,1.0160,85
509,1.0180,84
510,1.0200,84
511,1.0220,83
512,1.0240,83
513,1.0260,82
514,1.0280,82
515,1.0300,81
516,1.0320,80
517,1.0340,80
518,1.0360,80
519,1.0380,79
520,1.0400,78
521,1.0420,78
522,1.0440,77
523,1.0460,76
524,1.0480,76
525,1.0500,75
526,1.0520,74
527,1.0540,74
528,1.0560,73
529,1.0580,72
530,1.0600,72
531,1.0620,71
532,1.0640,70
533,1.0660,69
534,1.0680,68
535,1.0700,68
536,1.0720,67
537,1.0740,66
538,1.0760,65
539,1.0780,64
540,1.0800,64
541,1.0820,63
542,1.0840,62
543,1.0860,61
544,1.0880,60
545,1.0900,59
546,1.0920,58
547,1.0940,58
548,1.0960,57
549,1.0980,56
550,1.1000,55
551,1.1020,54
552,1.1040,52
553,1.1060,52
554,1.1080,51
555,1.1100,50
556,1.1120,49
557,1.1140,48
558,1.1160,47
559,1.1180,46
560,1.1200,45
561,1.1220,44
562,1.1240,43
563,1.1260,42
564,1.1280,41
565,1.1300,40
566,1.1320,39
567,1.1340,38
568,1.1360,37
569,1.1380,36
570,1.1400,34
571,1.1420,34
572,1.1440,32
573,1.1460,31
574,1.1480,30
575,1.1500,29
576,1.1520,28
577,1.1540,27
578,1.1560,26
579,1.1580,25
580,1.1600,24
581,1.1620,23
582,1.1640,22
583,1.1660,21
584,1.1680,20
585,1.1700,18
586,1.1720,17
587,1.1740,16
588,1.1760,15
589,1.1780,14
590,1.1800,13
591,1.1820,12
592,1.1840,11
593,1.1860,10
594,1.1880,8
595,1.1900,7
596,1.1920,6
597,1.1940,5
598,1.1960,4
599,1.1980,3
600,1.2000,2
601,1.2020,0
602,1.2040,-1
603,1.2060,-2
604,1.2080,-4
605,1.2100,-5
606,1.2120,-6
607,1.2140,-7
608,1.2160,-8
609,1.2180,-9
610,1.2200,-10
611,1.2220,-12
612,1.2240,-12
613,1.2260,-14
614,1.2280,-15
615,1.2300,-16
616,1.2320,-17
617,1.2340,-18
618,1.2360,-19
619,1.2380,-20
620,1.2400,-21
621,1.2420,-22
622,1.2440,-24
623,1.2460,-25
624,1.2480,-26
625,1.2500,-27
626,1.2520,-28
627,1.2540,-29
628,1.2560,-30
629,1.2580,-31
630,1.2600,-32
631,1.2620,-33
632,1.2640,-34
633,1.2660,-35
634,1.2680,-36
635,1.2700,-37
636,1.2720,-38
637,1.2740,-39
638,1.2760,-40
639,1.2780,-41
640,1.2800,-42
641,1.2820,-43
642,1.2840,-44
643,1.2860,-45
644,1.2880,-46
645,1.2900,-47
646,1.2920,-48
647,1.2940,-49
648,1.2960,-50
649,1.2980,-51
650,1.3000,-52
651,1.3020,-53
652,1.3040,-54
653,1.3060,-55
654,1.3080,-56
655,1.3100,-57
656,1.3120,-58
657,1.3140,-58
658,1.3160,-59
659,1.3180,-60
660,1.3200,-61
661,1.3220,-62
662,1.3240,-63
663,1.3260,-64
664,1.3280,-64
665,1.3300,-65
666,1.3320,-66
667,1.3340,-67
668,1.3360,-67
669,1.3380,-68
670,1.3400,-69
671,1.3420,-70
672,1.3440,-70
673,1.3460,-71
674,1.3480,-72
675,1.3500,-72
676,1.3520,-73
677,1.3540,-74
678,1.3560,-74
679,1.3580,-75
680,1.3600,-76
681,1.3620,-76
682,1.3640,-77
683,1.3660,-78
684,1.3680,-78
685,1.3700,-78
686,1.3720,-79
687,1.3740,-80
688,1.3760,-80
689,1.3780,-81
690,1.3800,-81
691,1.3820,-82
692,1.3840,-82
693,1.3860,-83
694,1.3880,-83
695,1.3900,-84
696,1.3920,-84
697,1.3940,-84
698,1.3960,-85
699,1.3980,-85
700,1.4000,-86
701,1.4020,-86
702,1.4040,-86
703,1.4060,-87
704,1.4080,-87
705,1.4100,-88
706,1.4120,-88
707,1.4140,-88
708,1.4160,-88
709,1.4180,-89
710,1.4200,-89
711,1.4220,-89
712,1.4240,-89
713,1.4260,-90
714,1.4280,-90
715,1.4300,-90
716,1.4320,-90
717,1.4340,-90
718,1.4360,-90
719,1.4380,-90
720,1.4400,-90
721,1.4420,-91
722,1.4440,-91
723,1.4460,-91
724,1.4480,-91
725,1.4500,-91
726,1.4520,-91
727,1.4540,-91
728,1.4560,-91
729,1.4580,-91
730,1.4600,-91
731,1.4620,-91
732,1.4640,-91
733,1.4660,-91
734,1.4680,-91
735,1.4700,-90
736,1.4720,-90
737,1.4740,-90
738,1.4760,-90
739,1.4780,-90
740,1.4800,-90
741,1.4820,-90
742,1.4840,-90
743,1.4860,-89
744,1.4880,-89
745,1.4900,-89
746,1.4920,-89
747,1.4940,-88
748,1.4960,-88
749,1.4980,-88
750,1.5000,-88
751,1.5020,-87
752,1.5040,-87
753,1.5060,-86
754,1.5080,-86
755,1.5100,-86
756,1.5120,-85
757,1.5140,-85
758,1.5160,-84
759,1.5180,-84
760,1.5200,-84
761,1.5220,-83
762,1.5240,-83
763,1.5260,-82
764,1.5280,-82
765,1.5300,-81
766,1.5320,-81
767,1.5340,-80
768,1.5360,-80
769,1.5380,-79
770,1.5400,-79
771,1.5420,-78
772,1.5440,-78
773,1.5460,-77
774,1.5480,-76
775,1.5500,-76
776,1.5520,-75
777,1.5540,-74
778,1.5560,-74
779,1.5580,-73
780,1.5600,-72
781,1.5620,-72
782,1.5640,-71
783,1.5660,-70
784,1.5680,-70
785,1.5700,-69
786,1.5720,-68
787,1.5740,-68
788,1.5760,-67
789,1.5780,-66
790,1.5800,-65
791,1.5820,-64
792,1.5840,-64
793,1.5860,-63
794,1.5880,-62
795,1.5900,-61
796,1.5920,-60
797,1.5940,-60
798,1.5960,-59
799,1.5980,-58
800,1.6000,-57
801,1.6020,-56
802,1.6040,-55
803,1.6060,-54
804,1.6080,-53
805,1.6100,-52
806,1.6120,-51
807,1.6140,-50
808,1.6160,-50
809,1.6180,-48
810,1.6200,-48
811,1.6220,-47
812,1.6240,-46
813,1.6260,-45
814,1.6280,-44
815,1.6300,-43
816,1.6320,-42
817,1.6340,-41
818,1.6360,-40
819,1.6380,-39
820,1.6400,-38
821,1.6420,-37
822,1.6440,-36
823,1.6460,-35
824,1.6480,-34
825,1.6500,-32
826,1.6520,-32
827,1.6540,-30
828,1.6560,-29
829,1.6580,-28
830,1.6600,-27
831,1.6620,-26
832,1.6640,-25
833,1.6660,-24
834,1.6680,-23
835,1.6700,-22
836,1.6720,-21
837,1.6740,-20
838,1.6760,-18
839,1.6780,-18
840,1.6800,-16
841,1.6820,-15
842,1.6840,-14
843,1.6860,-13
844,1.6880,-12
845,1.6900,-11
846,1.6920,-10
847,1.6940,-8
848,1.6960,-8
849,1.6980,-6
850,1.7000,-5
851,1.7020,-4
852,1.7040,-2
853,1.7060,-1
854,1.7080,0
855,1.7100,1
856,1.7120,2
857,1.7140,3
858,1.7160,4
859,1.7180,6
860,1.7200,6
861,1.7220,8
862,1.7240,9
863,1.7260,10
864,1.7280,11
865,1.7300,12
866,1.7320,13
867,1.7340,14
868,1.7360,16
869,1.7380,16
870,1.7400,18
871,1.7420,19
872,1.7440,20
873,1.7460,21
874,1.7480,22
875,1.7500,23
876,1.7520,24
877,1.7540,25
878,1.7560,26
879,1.7580,28
880,1.7600,28
881,1.7620,30
882,1.7640,31
883,1.7660,32
884,1.7680,33
885,1.7700,34
886,1.7720,35
887,1.7740,36
888,1.7760,37
889,1.7780,38
890,1.7800,39
891,1.7820,40
892,1.7840,41
893,1.7860,42
894,1.7880,43
895,1.7900,44
896,1.7920,45
897,1.7940,46
898,1.7960,47
899,1.7980,48
900,1.8000,49
901,1.8020,50
902,1.8040,51
903,1.8060,52
904,1.8080,53
905,1.8100,54
906,1.8120,55
907,1.8140,56
908,1.8160,57
909,1.8180,58
910,1.8200,58
911,1.8220,59
912,1.8240,60
913,1.8260,61
914,1.8280,62
915,1.8300,63
916,1.8320,64
917,1.8340,64
918,1.8360,65
919,1.8380,66
920,1.8400,67
921,1.8420,68
922,1.8440,68
923,1.8460,69
924,1.8480,70
925,1.8500,70
926,1.8520,71
927,1.8540,72
928,1.8560,72
929,1.8580,73
930,1.8600,74
931,1.8620,74
932,1.8640,75
933,1.8660,76
934,1.8680,76
935,1.8700,77
936,1.8720,78
937,1.8740,78
938,1.8760,79
939,1.8780,80
940,1.8800,80
941,1.8820,81
942,1.8840,81
943,1.8860,82
944,1.8880,82
945,1.8900,83
946,1.8920,83
947,1.8940,84
948,1.8960,84
949,1.8980,85
950,1.9000,85
951,1.9020,86
952,1.9040,86
953,1.9060,87
954,1.9080,87
955,1.9100,88
956,1.9120,88
957,1.9140,88
958,1.9160,88
959,1.9180,89
960,1.9200,89
961,1.9220,90
962,1.9240,90
963,1.9260,90
964,1.9280,90
965,1.9300,90
966,1.9320,91
967,1.9340,91
968,1.9360,91
969,1.9380,91
970,1.9400,92
971,1.9420,92
972,1.9440,92
973,1.9460,92
974,1.9480,92
975,1.9500,92
976,1.9520,92
977,1.9540,92
978,1.9560,92
979,1.9580,93
980,1.9600,93
981,1.9620,93
982,1.9640,93
983,1.9660,93
984,1.9680,93
985,1.9700,93
986,1.9720,93
987,1.9740,92
988,1.9760,92
989,1.9780,92
990,1.9800,92
991,1.9820,92
992,1.9840,92
993,1.9860,92
994,1.9880,92
995,1.9900,92
996,1.9920,92
997,1.9940,91
998,1.9960,91
999,1.9980,91
1000,2.0000,91
1001,2.0020,90
1002,2.0040,90
1003,2.0060,90
1004,2.0080,90
1005,2.0100,89
1006,2.0120,89
1007,2.0140,89
1008,2.0160,88
1009,2.0180,88
1010,2.0200,88
1011,2.0220,87
1012,2.0240,87
1013,2.0260,86
1014,2.0280,86
1015,2.0300,86
1016,2.0320,85
1017,2.0340,85
1018,2.0360,84
1019,2.0380,84
1020,2.0400,83
1021,2.0420,83
1022,2.0440,82
1023,2.0460,82
1024,2.0480,81
1025,2.0500,81
1026,2.0520,80
1027,2.0540,80
1028,2.0560,79
1029,2.0580,78
1030,2.0600,78
1031,2.0620,77
1032,2.0640,76
1033,2.0660,76
1034,2.0680,75
1035,2.0700,75
1036,2.0720,74
1037,2.0740,73
1038,2.0760,72
1039,2.0780,72
1040,2.0800,71
1041,2.0820,70
1042,2.0840,70
1043,2.0860,69
1044,2.0880,68
1045,2.0900,68
1046,2.0920,67
1047,2.0940,66
1048,2.0960,65
1049,2.0980,64
1050,2.1000,64
1051,2.1020,62
1052,2.1040,62
1053,2.1060,60
1054,2.1080,60
1055,2.1100,59
1056,2.1120,58
1057,2.1140,57
1058,2.1160,56
1059,2.1180,55
1060,2.1200,54
1061,2.1220,54
1062,2.1240,53
1063,2.1260,52
1064,2.1280,51
1065,2.1300,50
1066,2.1320,49
1067,2.1340,48
1068,2.1360,47
1069,2.1380,46
1070,2.1400,45
1071,2.1420,44
1072,2.1440,43
1073,2.1460,42
1074,2.1480,41
1075,2.1500,40
1076,2.1520,39
1077,2.1540,38
1078,2.1560,37
1079,2.1580,36
1080,2.1600,35
1081,2.1620,34
1082,2.1640,33
1083,2.1660,32
1084,2.1680,31
1085,2.1700,30
1086,2.1720,29
1087,2.1740,28
1088,2.1760,26
1089,2.1780,26
1090,2.1800,24
1091,2.1820,23
1092,2.1840,22
1093,2.1860,21
1094,2.1880,20
1095,2.1900,19
1096,2.1920,18
1097,2.1940,17
1098,2.1960,16
1099,2.1980,14
1100,2.2000,14
1101,2.2020,12
1102,2.2040,11
1103,2.2060,10
1104,2.2080,8
1105,2.2100,7
1106,2.2120,6
1107,2.2140,5
1108,2.2160,4
1109,2.2180,3
1110,2.2200,2
1111,2.2220,0
1112,2.2240,0
1113,2.2260,-2
1114,2.2280,-3
1115,2.2300,-4
1116,2.2320,-5
1117,2.2340,-6
1118,2.2360,-7
1119,2.2380,-8
1120,2.2400,-10
1121,2.2420,-10
1122,2.2440,-12
1123,2.2460,-13
1124,2.2480,-14
1125,2.2500,-15
1126,2.2520,-16
1127,2.2540,-17
1128,2.2560,-18
1129,2.2580,-19
1130,2.2600,-20
1131,2.2620,-22
1132,2.2640,-22
1133,2.2660,-24
1134,2.2680,-25
1135,2.2700,-26
1136,2.2720,-27
1137,2.2740,-28
1138,2.2760,-29
1139,2.2780,-30
1140,2.2800,-31
1141,2.2820,-32
1142,2.2840,-33
1143,2.2860,-34
1144,2.2880,-35
1145,2.2900,-36
1146,2.2920,-37
1147,2.2940,-38
1148,2.2960,-39
1149,2.2980,-40
1150,2.3000,-41
1151,2.3020,-43
1152,2.3040,-44
1153,2.3060,-45
1154,2.3080,-46
1155,2.3100,-47
1156,2.3120,-48
1157,2.3140,-48
1158,2.3160,-50
1159,2.3180,-50
1160,2.3200,-51
1161,2.3220,-52
1162,2.3240,-53
1163,2.3260,-54
1164,2.3280,-55
1165,2.3300,-56
1166,2.3320,-56
1167,2.3340,-58
1168,2.3360,-58
1169,2.3380,-59
1170,2.3400,-60
1171,2.3420,-61
1172,2.3440,-62
1173,2.3460,-62
1174,2.3480,-63
1175,2.3500,-64
1176,2.3520,-65
1177,2.3540,-66
1178,2.3560,-66
1179,2.3580,-67
1180,2.3600,-68
1181,2.3620,-68
1182,2.3640,-69
1183,2.3660,-70
1184,2.3680,-71
1185,2.3700,-71
1186,2.3720,-72
1187,2.3740,-73
1188,2.3760,-73
1189,2.3780,-74
1190,2.3800,-74
1191,2.3820,-75
1192,2.3840,-76
1193,2.3860,-76
1194,2.3880,-77
1195,2.3900,-78
1196,2.3920,-78
1197,2.3940,-78
1198,2.3960,-79
1199,2.3980,-80
1200,2.4000,-80
1201,2.4020,-81
1202,2.4040,-81
1203,2.4060,-82
1204,2.4080,-82
1205,2.4100,-83
1206,2.4120,-83
1207,2.4140,-84
1208,2.4160,-84
1209,2.4180,-84
1210,2.4200,-85
1211,2.4220,-85
1212,2.4240,-86
1213,2.4260,-86
1214,2.4280,-86
1215,2.4300,-86
1216,2.4320,-87
1217,2.4340,-87
1218,2.4360,-87
1219,2.4380,-88
1220,2.4400,-88
1221,2.4420,-88
1222,2.4440,-88
1223,2.4460,-88
1224,2.4480,-89
1225,2.4500,-89
1226,2.4520,-89
1227,2.4540,-89
1228,2.4560,-89
1229,2.4580,-90
1230,2.4600,-90
1231,2.4620,-90
1232,2.4640,-90
1233,2.4660,-90
1234,2.4680,-90
1235,2.4700,-90
1236,2.4720,-90
1237,2.4740,-90
1238,2.4760,-90
1239,2.4780,-90
1240,2.4800,-90
1241,2.4820,-90
1242,2.4840,-90
1243,2.4860,-90
1244,2.4880,-90
1245,2.4900,-90
1246,2.4920,-90
1247,2.4940,-90
1248,2.4960,-90
1249,2.4980,-89
1250,2.5000,-89
1251,2.5020,-89
1252,2.5040,-89
1253,2.5060,-88
1254,2.5080,-88
1255,2.5100,-88
1256,2.5120,-88
1257,2.5140,-88
1258,2.5160,-87
1259,2.5180,-87
1260,2.5200,-87
1261,2.5220,-86
1262,2.5240,-86
1263,2.5260,-86
1264,2.5280,-86
1265,2.5300,-85
1266,2.5320,-85
1267,2.5340,-84
1268,2.5360,-84
1269,2.5380,-84
1270,2.5400,-83
1271,2.5420,-83
1272,2.5440,-82
1273,2.5460,-82
1274,2.5480,-82
1275,2.5500,-81
1276,2.5520,-80
1277,2.5540,-80
1278,2.5560,-80
1279,2.5580,-79
1280,2.5600,-78
1281,2.5620,-78
1282,2.5640,-77
1283,2.5660,-77
1284,2.5680,-76
1285,2.5700,-76
1286,2.5720,-75
1287,2.5740,-74
1288,2.5760,-74
1289,2.5780,-73
1290,2.5800,-72
1291,2.5820,-72
1292,2.5840,-71
1293,2.5860,-70
1294,2.5880,-70
1295,2.5900,-69
1296,2.5920,-68
1297,2.5940,-68
1298,2.5960,-67
1299,2.5980,-66
1300,2.6000,-65
1301,2.6020,-64
1302,2.6040,-63
1303,2.6060,-62
1304,2.6080,-62
1305,2.6100,-61
1306,2.6120,-60
1307,2.6140,-59
1308,2.6160,-58
1309,2.6180,-58
1310,2.6200,-57
1311,2.6220,-56
1312,2.6240,-55
1313,2.6260,-54
1314,2.6280,-53
1315,2.6300,-52
1316,2.6320,-52
1317,2.6340,-50
1318,2.6360,-50
1319,2.6380,-49
1320,2.6400,-48
1321,2.6420,-47
1322,2.6440,-46
1323,2.6460,-45
1324,2.6480,-44
1325,2.6500,-43
1326,2.6520,-42
1327,2.6540,-41
1328,2.6560,-40
1329,2.6580,-39
1330,2.6600,-38
1331,2.6620,-37
1332,2.6640,-36
1333,2.6660,-35
1334,2.6680,-34
1335,2.6700,-33
1336,2.6720,-32
1337,2.6740,-31
1338,2.6760,-30
1339,2.6780,-29
1340,2.6800,-28
1341,2.6820,-27
1342,2.6840,-26
1343,2.6860,-24
1344,2.6880,-24
1345,2.6900,-22
1346,2.6920,-21
1347,2.6940,-20
1348,2.6960,-19
1349,2.6980,-18
1350,2.7000,-17
1351,2.7020,-15
1352,2.7040,-14
1353,2.7060,-13
1354,2.7080,-12
1355,2.7100,-11
1356,2.7120,-10
1357,2.7140,-9
1358,2.7160,-8
1359,2.7180,-6
1360,2.7200,-6
1361,2.7220,-4
1362,2.7240,-3
1363,2.7260,-2
1364,2.7280,-1
1365,2.7300,0
1366,2.7320,1
1367,2.7340,2
1368,2.7360,4
1369,2.7380,4
1370,2.7400,6
1371,2.7420,7
1372,2.7440,8
1373,2.7460,9
1374,2.7480,10
1375,2.7500,11
1376,2.7520,12
1377,2.7540,14
1378,2.7560,14
1379,2.7580,16
1380,2.7600,17
1381,2.7620,18
1382,2.7640,19
1383,2.7660,20
1384,2.7680,21
1385,2.7700,22
1386,2.7720,23
1387,2.7740,24
1388,2.7760,25
1389,2.7780,26
1390,2.7800,28
1391,2.7820,28
1392,2.7840,30
1393,2.7860,31
1394,2.7880,32
1395,2.7900,33
1396,2.7920,34
1397,2.7940,35
1398,2.7960,36
1399,2.7980,37
1400,2.8000,38
1401,2.8020,39
1402,2.8040,40
1403,2.8060,41
1404,2.8080,42
1405,2.8100,43
1406,2.8120,44
1407,2.8140,45
1408,2.8160,46
1409,2.8180,47
1410,2.8200,48
1411,2.8220,49
1412,2.8240,50
1413,2.8260,51
1414,2.8280,52
1415,2.8300,53
1416,2.8320,54
1417,2.8340,54
1418,2.8360,56
1419,2.8380,56
1420,2.8400,57
1421,2.8420,58
1422,2.8440,59
1423,2.8460,60
1424,2.8480,61
1425,2.8500,62
1426,2.8520,62
1427,2.8540,63
1428,2.8560,64
1429,2.8580,65
1430,2.8600,66
1431,2.8620,66
1432,2.8640,67
1433,2.8660,68
1434,2.8680,68
1435,2.8700,69
1436,2.8720,70
1437,2.8740,71
1438,2.8760,71
1439,2.8780,72
1440,2.8800,73
1441,2.8820,73
1442,2.8840,74
1443,2.8860,75
1444,2.8880,75
1445,2.8900,76
1446,2.8920,76
1447,2.8940,77
1448,2.8960,78
1449,2.8980,78
1450,2.9000,79
1451,2.9020,80
1452,2.9040,80
1453,2.9060,81
1454,2.9080,82
1455,2.9100,82
1456,2.9120,82
1457,2.9140,83
1458,2.9160,83
1459,2.9180,84
1460,2.9200,84
1461,2.9220,85
1462,2.9240,85
1463,2.9260,86
1464,2.9280,86
1465,2.9300,86
1466,2.9320,87
1467,2.9340,87
1468,2.9360,87
1469,2.9380,88
1470,2.9400,88
1471,2.9420,88
1472,2.9440,88
1473,2.9460,89
1474,2.9480,89
1475,2.9500,89
1476,2.9520,90
1477,2.9540,90
1478,2.9560,90
1479,2.9580,90
1480,2.9600,90
1481,2.9620,91
1482,2.9640,91
1483,2.9660,91
1484,2.9680,91
1485,2.9700,91
1486,2.9720,91
1487,2.9740,92
1488,2.9760,92
1489,2.9780,92
1490,2.9800,92
1491,2.9820,92
1492,2.9840,92
1493,2.9860,92
1494,2.9880,92
1495,2.9900,92
1496,2.9920,92
1497,2.9940,92
1498,2.9960,92
1499,2.9980,92
1500,3.0000,92
1501,3.0020,91
1502,3.0040,91
1503,3.0060,91
1504,3.0080,91
1505,3.0100,91
1506,3.0120,91
1507,3.0140,90
1508,3.0160,90
1509,3.0180,90
1510,3.0200,90
1511,3.0220,90
1512,3.0240,89
1513,3.0260,89
1514,3.0280,89
1515,3.0300,88
1516,3.0320,88
1517,3.0340,88
1518,3.0360,88
1519,3.0380,87
1520,3.0400,87
1521,3.0420,86
1522,3.0440,86
1523,3.0460,86
1524,3.0480,85
1525,3.0500,85
1526,3.0520,84
1527,3.0540,84
1528,3.0560,84
1529,3.0580,83
1530,3.0600,83
1531,3.0620,82
1532,3.0640,82
1533,3.0660,81
1534,3.0680,81
1535,3.0700,80
1536,3.0720,80
1537,3.0740,79
1538,3.0760,78
1539,3.0780,78
1540,3.0800,77
1541,3.0820,77
1542,3.0840,76
1543,3.0860,76
1544,3.0880,75
1545,3.0900,74
1546,3.0920,74
1547,3.0940,73
1548,3.0960,72
1549,3.0980,72
1550,3.1000,71
1551,3.1020,70
1552,3.1040,69
1553,3.1060,68
1554,3.1080,68
1555,3.1100,67
1556,3.1120,66
1557,3.1140,65
1558,3.1160,64
1559,3.1180,64
1560,3.1200,63
1561,3.1220,62
1562,3.1240,61
1563,3.1260,60
1564,3.1280,60
1565,3.1300,59
1566,3.1320,58
1567,3.1340,57
1568,3.1360,56
1569,3.1380,55
1570,3.1400,54
1571,3.1420,54
1572,3.1440,53
1573,3.1460,52
1574,3.1480,51
1575,3.1500,50
1576,3.1520,49
1577,3.1540,48
1578,3.1560,47
1579,3.1580,46
1580,3.1600,45
1581,3.1620,44
1582,3.1640,43
1583,3.1660,42
1584,3.1680,41
1585,3.1700,40
1586,3.1720,39
1587,3.1740,38
1588,3.1760,37
1589,3.1780,36
1590,3.1800,35
1591,3.1820,34
1592,3.1840,33
1593,3.1860,32
1594,3.1880,31
1595,3.1900,30
1596,3.1920,29
1597,3.1940,28
1598,3.1960,27
1599,3.1980,26
1600,3.2000,25
1601,3.2020,23
1602,3.2040,22
1603,3.2060,21
1604,3.2080,20
1605,3.2100,19
1606,3.2120,18
1607,3.2140,17
1608,3.2160,16
1609,3.2180,14
1610,3.2200,13
1611,3.2220,12
1612,3.2240,11
1613,3.2260,10
1614,3.2280,9
1615,3.2300,8
1616,3.2320,7
1617,3.2340,6
1618,3.2360,4
1619,3.2380,4
1620,3.2400,2
1621,3.2420,1
1622,3.2440,0
1623,3.2460,-1
1624,3.2480,-2
1625,3.2500,-3
1626,3.2520,-4
1627,3.2540,-6
1628,3.2560,-6
1629,3.2580,-8
1630,3.2600,-9
1631,3.2620,-10
1632,3.2640,-11
1633,3.2660,-12
1634,3.2680,-13
1635,3.2700,-14
1636,3.2720,-15
1637,3.2740,-16
1638,3.2760,-17
1639,3.2780,-18
1640,3.2800,-20
1641,3.2820,-21
1642,3.2840,-22
1643,3.2860,-23
1644,3.2880,-24
1645,3.2900,-25
1646,3.2920,-26
1647,3.2940,-27
1648,3.2960,-28
1649,3.2980,-29
1650,3.3000,-30
1651,3.3020,-32
1652,3.3040,-33
1653,3.3060,-34
1654,3.3080,-35
1655,3.3100,-36
1656,3.3120,-37
1657,3.3140,-38
1658,3.3160,-39
1659,3.3180,-40
1660,3.3200,-41
1661,3.3220,-42
1662,3.3240,-43
1663,3.3260,-44
1664,3.3280,-45
1665,3.3300,-46
1666,3.3320,-46
1667,3.3340,-48
1668,3.3360,-48
1669,3.3380,-49
1670,3.3400,-50
1671,3.3420,-51
1672,3.3440,-52
1673,3.3460,-53
1674,3.3480,-54
1675,3.3500,-55
1676,3.3520,-56
1677,3.3540,-56
1678,3.3560,-57
1679,3.3580,-58
1680,3.3600,-59
1681,3.3620,-60
1682,3.3640,-60
1683,3.3660,-61
1684,3.3680,-62
1685,3.3700,-63
1686,3.3720,-64
1687,3.3740,-64
1688,3.3760,-65
1689,3.3780,-66
1690,3.3800,-67
1691,3.3820,-67
1692,3.3840,-68
1693,3.3860,-69
1694,3.3880,-70
1695,3.3900,-70
1696,3.3920,-71
1697,3.3940,-72
1698,3.3960,-72
1699,3.3980,-73
1700,3.4000,-73
1701,3.4020,-74
1702,3.4040,-75
1703,3.4060,-76
1704,3.4080,-76
1705,3.4100,-77
1706,3.4120,-77
1707,3.4140,-78
1708,3.4160,-78
1709,3.4180,-79
1710,3.4200,-79
1711,3.4220,-80
1712,3.4240,-80
1713,3.4260,-81
1714,3.4280,-81
1715,3.4300,-82
1716,3.4320,-82
1717,3.4340,-82
1718,3.4360,-83
1719,3.4380,-83
1720,3.4400,-84
1721,3.4420,-84
1722,3.4440,-84
1723,3.4460,-85
1724,3.4480,-85
1725,3.4500,-85
1726,3.4520,-86
1727,3.4540,-86
1728,3.4560,-86
1729,3.4580,-86
1730,3.4600,-87
1731,3.4620,-87
1732,3.4640,-87
1733,3.4660,-88
1734,3.4680,-88
1735,3.4700,-88
1736,3.4720,-88
1737,3.4740,-88
1738,3.4760,-88
1739,3.4780,-88
1740,3.4800,-89
1741,3.4820,-89
1742,3.4840,-89
1743,3.4860,-89
1744,3.4880,-89
1745,3.4900,-89
1746,3.4920,-89
1747,3.4940,-89
1748,3.4960,-89
1749,3.4980,-89
1750,3.5000,-89
1751,3.5020,-89
1752,3.5040,-89
1753,3.5060,-89
1754,3.5080,-89
1755,3.5100,-89
1756,3.5120,-89
1757,3.5140,-89
1758,3.5160,-88
1759,3.5180,-88
1760,3.5200,-88
1761,3.5220,-88
1762,3.5240,-88
1763,3.5260,-88
1764,3.5280,-88
1765,3.5300,-87
1766,3.5320,-87
1767,3.5340,-87
1768,3.5360,-87
1769,3.5380,-86
1770,3.5400,-86
1771,3.5420,-86
1772,3.5440,-86
1773,3.5460,-85
1774,3.5480,-85
1775,3.5500,-84
1776,3.5520,-84
1777,3.5540,-84
1778,3.5560,-84
1779,3.5580,-83
1780,3.5600,-83
1781,3.5620,-82
1782,3.5640,-82
1783,3.5660,-81
1784,3.5680,-81
1785,3.5700,-80
1786,3.5720,-80
1787,3.5740,-80
1788,3.5760,-79
1789,3.5780,-78
1790,3.5800,-78
1791,3.5820,-78
1792,3.5840,-77
1793,3.5860,-76
1794,3.5880,-76
1795,3.5900,-75
1796,3.5920,-74
1797,3.5940,-74
1798,3.5960,-73
1799,3.5980,-73
1800,3.6000,-72
1801,3.6020,-71
1802,3.6040,-70
1803,3.6060,-70
1804,3.6080,-69
1805,3.6100,-68
1806,3.6120,-68
1807,3.6140,-67
1808,3.6160,-66
1809,3.6180,-66
1810,3.6200,-65
1811,3.6220,-64
1812,3.6240,-63
1813,3.6260,-62
1814,3.6280,-62
1815,3.6300,-61
1816,3.6320,-60
1817,3.6340,-59
1818,3.6360,-58
1819,3.6380,-58
1820,3.6400,-57
1821,3.6420,-56
1822,3.6440,-55
1823,3.6460,-54
1824,3.6480,-53
1825,3.6500,-52
1826,3.6520,-52
1827,3.6540,-50
1828,3.6560,-50
1829,3.6580,-49
1830,3.6600,-48
1831,3.6620,-47
1832,3.6640,-46
1833,3.6660,-45
1834,3.6680,-44
1835,3.6700,-43
1836,3.6720,-42
1837,3.6740,-41
1838,3.6760,-40
1839,3.6780,-39
1840,3.6800,-38
1841,3.6820,-37
1842,3.6840,-36
1843,3.6860,-35
1844,3.6880,-34
1845,3.6900,-33
1846,3.6920,-32
1847,3.6940,-31
1848,3.6960,-30
1849,3.6980,-29
1850,3.7000,-28
1851,3.7020,-26
1852,3.7040,-26
1853,3.7060,-24
1854,3.7080,-23
1855,3.7100,-22
1856,3.7120,-21
1857,3.7140,-20
1858,3.7160,-19
1859,3.7180,-18
1860,3.7200,-17
1861,3.7220,-16
1862,3.7240,-15
1863,3.7260,-14
1864,3.7280,-12
1865,3.7300,-12
1866,3.7320,-10
1867,3.7340,-9
1868,3.7360,-8
1869,3.7380,-7
1870,3.7400,-6
1871,3.7420,-5
1872,3.7440,-4
1873,3.7460,-3
1874,3.7480,-2
1875,3.7500,0
1876,3.7520,1
1877,3.7540,2
1878,3.7560,3
1879,3.7580,4
1880,3.7600,5
1881,3.7620,6
1882,3.7640,7
1883,3.7660,8
1884,3.7680,10
1885,3.7700,10
1886,3.7720,12
1887,3.7740,13
1888,3.7760,14
1889,3.7780,15
1890,3.7800,16
1891,3.7820,17
1892,3.7840,18
1893,3.7860,19
1894,3.7880,20
1895,3.7900,21
1896,3.7920,22
1897,3.7940,24
1898,3.7960,24
1899,3.7980,26
1900,3.8000,27
1901,3.8020,28
1902,3.8040,29
1903,3.8060,30
1904,3.8080,31
1905,3.8100,32
1906,3.8120,33
1907,3.8140,34
1908,3.8160,36
1909,3.8180,36
1910,3.8200,38
1911,3.8220,38
1912,3.8240,39
1913,3.8260,40
1914,3.8280,41
1915,3.8300,42
1916,3.8320,43
1917,3.8340,44
1918,3.8360,45
1919,3.8380,46
1920,3.8400,47
1921,3.8420,48
1922,3.8440,49
1923,3.8460,50
1924,3.8480,51
1925,3.8500,52
1926,3.8520,53
1927,3.8540,54
1928,3.8560,54
1929,3.8580,55
1930,3.8600,56
1931,3.8620,57
1932,3.8640,58
1933,3.8660,59
1934,3.8680,60
1935,3.8700,60
1936,3.8720,61
1937,3.8740,62
1938,3.8760,63
1939,3.8780,64
1940,3.8800,64
1941,3.8820,65
1942,3.8840,66
1943,3.8860,67
1944,3.8880,67
1945,3.8900,68
1946,3.8920,69
1947,3.8940,70
1948,3.8960,70
1949,3.8980,71
1950,3.9000,72
1951,3.9020,73
1952,3.9040,73
1953,3.9060,74
1954,3.9080,74
1955,3.9100,75
1956,3.9120,76
1957,3.9140,76
1958,3.9160,77
1959,3.9180,78
1960,3.9200,78
1961,3.9220,79
1962,3.9240,79
1963,3.9260,80
1964,3.9280,80
1965,3.9300,81
1966,3.9320,81
1967,3.9340,82
1968,3.9360,82
1969,3.9380,83
1970,3.9400,83
1971,3.9420,84
1972,3.9440,84
1973,3.9460,84
1974,3.9480,85
1975,3.9500,85
1976,3.9520,86
1977,3.9540,86
1978,3.9560,86
1979,3.9580,86
1980,3.9600,87
1981,3.9620,87
1982,3.9640,88
1983,3.9660,88
1984,3.9680,88
1985,3.9700,88
1986,3.9720,88
1987,3.9740,89
1988,3.9760,89
1989,3.9780,89
1990,3.9800,90
1991,3.9820,90
1992,3.9840,90
1993,3.9860,90
1994,3.9880,90
1995,3.9900,90
1996,3.9920,90
1997,3.9940,90
1998,3.9960,90
1999,3.9980,91
2000,4.0000,91
2001,4.0020,91
2002,4.0040,91
2003,4.0060,91
2004,4.0080,91
2005,4.0100,91
2006,4.0120,91
2007,4.0140,91
2008,4.0160,91
2009,4.0180,91
2010,4.0200,90
2011,4.0220,90
2012,4.0240,90
2013,4.0260,90
2014,4.0280,90
2015,4.0300,90
2016,4.0320,90
2017,4.0340,90
2018,4.0360,90
2019,4.0380,89
2020,4.0400,89
2021,4.0420,89
2022,4.0440,88
2023,4.0460,88
2024,4.0480,88
2025,4.0500,88
2026,4.0520,88
2027,4.0540,87
2028,4.0560,87
2029,4.0580,86
2030,4.0600,86
2031,4.0620,86
2032,4.0640,86
2033,4.0660,85
2034,4.0680,85
2035,4.0700,84
2036,4.0720,84
2037,4.0740,84
2038,4.0760,83
2039,4.0780,82
2040,4.0800,82
2041,4.0820,82
2042,4.0840,81
2043,4.0860,81
2044,4.0880,80
2045,4.0900,80
2046,4.0920,79
2047,4.0940,78
2048,4.0960,78
2049,4.0980,78
2050,4.1000,77
2051,4.1020,76
2052,4.1040,75
2053,4.1060,75
2054,4.1080,74
2055,4.1100,74
2056,4.1120,73
2057,4.1140,72
2058,4.1160,72
2059,4.1180,71
2060,4.1200,70
2061,4.1220,70
2062,4.1240,69
2063,4.1260,68
2064,4.1280,67
2065,4.1300,66
2066,4.1320,66
2067,4.1340,65
2068,4.1360,64
2069,4.1380,64
2070,4.1400,63
2071,4.1420,62
2072,4.1440,61
2073,4.1460,60
2074,4.1480,60
2075,4.1500,59
2076,4.1520,58
2077,4.1540,57
2078,4.1560,56
2079,4.1580,55
2080,4.1600,54
2081,4.1620,54
2082,4.1640,52
2083,4.1660,52
2084,4.1680,51
2085,4.1700,50
2086,4.1720,49
2087,4.1740,48
2088,4.1760,47
2089,4.1780,46
2090,4.1800,45
2091,4.1820,44
2092,4.1840,43
2093,4.1860,42
2094,4.1880,41
2095,4.1900,40
2096,4.1920,39
2097,4.1940,38
2098,4.1960,37
2099,4.1980,36
2100,4.2000,35
2101,4.2020,34
2102,4.2040,33
2103,4.2060,32
2104,4.2080,31
2105,4.2100,30
2106,4.2120,29
2107,4.2140,28
2108,4.2160,26
2109,4.2180,26
2110,4.2200,24
2111,4.2220,24
2112,4.2240,22
2113,4.2260,21
2114,4.2280,20
2115,4.2300,19
2116,4.2320,18
2117,4.2340,17
2118,4.2360,16
2119,4.2380,15
2120,4.2400,14
2121,4.2420,13
2122,4.2440,12
2123,4.2460,10
2124,4.2480,10
2125,4.2500,8
2126,4.2520,7
2127,4.2540,6
2128,4.2560,5
2129,4.2580,4
2130,4.2600,3
2131,4.2620,2
2132,4.2640,1
2133,4.2660,0
2134,4.2680,-2
2135,4.2700,-3
2136,4.2720,-4
2137,4.2740,-5
2138,4.2760,-6
2139,4.2780,-7
2140,4.2800,-8
2141,4.2820,-9
2142,4.2840,-10
2143,4.2860,-11
2144,4.2880,-12
2145,4.2900,-14
2146,4.2920,-14
2147,4.2940,-16
2148,4.2960,-17
2149,4.2980,-18
2150,4.3000,-19
2151,4.3020,-20
2152,4.3040,-22
2153,4.3060,-23
2154,4.3080,-24
2155,4.3100,-25
2156,4.3120,-26
2157,4.3140,-27
2158,4.3160,-28
2159,4.3180,-29
2160,4.3200,-30
2161,4.3220,-31
2162,4.3240,-32
2163,4.3260,-33
2164,4.3280,-34
2165,4.3300,-35
2166,4.3320,-36
2167,4.3340,-37
2168,4.3360,-38
2169,4.3380,-39
2170,4.3400,-40
2171,4.3420,-41
2172,4.3440,-42
2173,4.3460,-43
2174,4.3480,-44
2175,4.3500,-45
2176,4.3520,-46
2177,4.3540,-47
2178,4.3560,-48
2179,4.3580,-48
2180,4.3600,-49
2181,4.3620,-50
2182,4.3640,-51
2183,4.3660,-52
2184,4.3680,-53
2185,4.3700,-54
2186,4.3720,-54
2187,4.3740,-56
2188,4.3760,-56
2189,4.3780,-57
2190,4.3800,-58
2191,4.3820,-59
2192,4.3840,-60
2193,4.3860,-60
2194,4.3880,-61
2195,4.3900,-62
2196,4.3920,-63
2197,4.3940,-64
2198,4.3960,-64
2199,4.3980,-65
2200,4.4000,-66
2201,4.4020,-67
2202,4.4040,-68
2203,4.4060,-68
2204,4.4080,-69
2205,4.4100,-70
2206,4.4120,-70
2207,4.4140,-71
2208,4.4160,-72
2209,4.4180,-72
2210,4.4200,-73
2211,4.4220,-73
2212,4.4240,-74
2213,4.4260,-74
2214,4.4280,-75
2215,4.4300,-76
2216,4.4320,-76
2217,4.4340,-77
2218,4.4360,-77
2219,4.4380,-78
2220,4.4400,-78
2221,4.4420,-79
2222,4.4440,-79
2223,4.4460,-80
2224,4.4480,-80
2225,4.4500,-81
2226,4.4520,-81
2227,4.4540,-82
2228,4.4560,-82
2229,4.4580,-82
2230,4.4600,-83
2231,4.4620,-83
2232,4.4640,-84
2233,4.4660,-84
2234,4.4680,-84
2235,4.4700,-84
2236,4.4720,-85
2237,4.4740,-85
2238,4.4760,-85
2239,4.4780,-86
2240,4.4800,-86
2241,4.4820,-86
2242,4.4840,-86
2243,4.4860,-87
2244,4.4880,-87
2245,4.4900,-87
2246,4.4920,-87
2247,4.4940,-88
2248,4.4960,-88
2249,4.4980,-88
2250,4.5000,-88
2251,4.5020,-88
2252,4.5040,-88
2253,4.5060,-88
2254,4.5080,-88
2255,4.5100,-88
2256,4.5120,-88
2257,4.5140,-88
2258,4.5160,-88
2259,4.5180,-88
2260,4.5200,-88
2261,4.5220,-88
2262,4.5240,-88
2263,4.5260,-88
2264,4.5280,-88
2265,4.5300,-88
2266,4.5320,-88
2267,4.5340,-88
2268,4.5360,-88
2269,4.5380,-88
2270,4.5400,-88
2271,4.5420,-88
2272,4.5440,-87
2273,4.5460,-87
2274,4.5480,-87
2275,4.5500,-87
2276,4.5520,-86
2277,4.5540,-86
2278,4.5560,-86
2279,4.5580,-86
2280,4.5600,-86
2281,4.5620,-85
2282,4.5640,-85
2283,4.5660,-85
2284,4.5680,-84
2285,4.5700,-84
2286,4.5720,-84
2287,4.5740,-83
2288,4.5760,-83
2289,4.5780,-82
2290,4.5800,-82
2291,4.5820,-82
2292,4.5840,-81
2293,4.5860,-81
2294,4.5880,-80
2295,4.5900,-80
2296,4.5920,-80
2297,4.5940,-79
2298,4.5960,-78
2299,4.5980,-78
2300,4.6000,-78
2301,4.6020,-77
2302,4.6040,-76
2303,4.6060,-76
2304,4.6080,-75
2305,4.6100,-74
2306,4.6120,-74
2307,4.6140,-73
2308,4.6160,-73
2309,4.6180,-72
2310,4.6200,-71
2311,4.6220,-71
2312,4.6240,-70
2313,4.6260,-70
2314,4.6280,-69
2315,4.6300,-68
2316,4.6320,-67
2317,4.6340,-67
2318,4.6360,-66
2319,4.6380,-65
2320,4.6400,-64
2321,4.6420,-64
2322,4.6440,-63
2323,4.6460,-62
2324,4.6480,-62
2325,4.6500,-61
2326,4.6520,-60
2327,4.6540,-59
2328,4.6560,-58
2329,4.6580,-57
2330,4.6600,-56
2331,4.6620,-56
2332,4.6640,-55
2333,4.6660,-54
2334,4.6680,-53
2335,4.6700,-52
2336,4.6720,-52
2337,4.6740,-50
2338,4.6760,-50
2339,4.6780,-49
2340,4.6800,-48
2341,4.6820,-47
2342,4.6840,-46
2343,4.6860,-45
2344,4.6880,-44
2345,4.6900,-43
2346,4.6920,-42
2347,4.6940,-41
2348,4.6960,-40
2349,4.6980,-39
2350,4.7000,-38
2351,4.7020,-37
2352,4.7040,-36
2353,4.7060,-35
2354,4.7080,-34
2355,4.7100,-33
2356,4.7120,-32
2357,4.7140,-31
2358,4.7160,-30
2359,4.7180,-29
2360,4.7200,-28
2361,4.7220,-27
2362,4.7240,-26
2363,4.7260,-25
2364,4.7280,-24
2365,4.7300,-22
2366,4.7320,-22
2367,4.7340,-20
2368,4.7360,-19
2369,4.7380,-18
2370,4.7400,-17
2371,4.7420,-16
2372,4.7440,-15
2373,4.7460,-14
2374,4.7480,-13
2375,4.7500,-12
2376,4.7520,-11
2377,4.7540,-10
2378,4.7560,-9
2379,4.7580,-8
2380,4.7600,-6
2381,4.7620,-5
2382,4.7640,-4
2383,4.7660,-3
2384,4.7680,-2
2385,4.7700,-1
2386,4.7720,0
2387,4.7740,1
2388,4.7760,2
2389,4.7780,3
2390,4.7800,4
2391,4.7820,6
2392,4.7840,7
2393,4.7860,8
2394,4.7880,9
2395,4.7900,10
2396,4.7920,11
2397,4.7940,12
2398,4.7960,13
2399,4.7980,14
2400,4.8000,15
2401,4.8020,17
2402,4.8040,18
2403,4.8060,19
2404,4.8080,20
2405,4.8100,21
2406,4.8120,22
2407,4.8140,23
2408,4.8160,24
2409,4.8180,25
2410,4.8200,26
2411,4.8220,28
2412,4.8240,28
2413,4.8260,30
2414,4.8280,30
2415,4.8300,32
2416,4.8320,32
2417,4.8340,34
2418,4.8360,35
2419,4.8380,36
2420,4.8400,37
2421,4.8420,38
2422,4.8440,38
2423,4.8460,40
2424,4.8480,40
2425,4.8500,42
2426,4.8520,42
2427,4.8540,43
2428,4.8560,44
2429,4.8580,45
2430,4.8600,46
2431,4.8620,47
2432,4.8640,48
2433,4.8660,49
2434,4.8680,50
2435,4.8700,51
2436,4.8720,52
2437,4.8740,53
2438,4.8760,54
2439,4.8780,54
2440,4.8800,55
2441,4.8820,56
2442,4.8840,57
2443,4.8860,58
2444,4.8880,59
2445,4.8900,60
2446,4.8920,60
2447,4.8940,61
2448,4.8960,62
2449,4.8980,63
2450,4.9000,64
2451,4.9020,64
2452,4.9040,65
2453,4.9060,66
2454,4.9080,67
2455,4.9100,68
2456,4.9120,68
2457,4.9140,69
2458,4.9160,70
2459,4.9180,70
2460,4.9200,71
2461,4.9220,72
2462,4.9240,72
2463,4.9260,73
2464,4.9280,74
2465,4.9300,74
2466,4.9320,75
2467,4.9340,75
2468,4.9360,76
2469,4.9380,76
2470,4.9400,77
2471,4.9420,78
2472,4.9440,78
2473,4.9460,79
2474,4.9480,79
2475,4.9500,80
2476,4.9520,80
2477,4.9540,81
2478,4.9560,81
2479,4.9580,82
2480,4.9600,82
2481,4.9620,83
2482,4.9640,83
2483,4.9660,84
2484,4.9680,84
2485,4.9700,84
2486,4.9720,84
2487,4.9740,85
2488,4.9760,85
2489,4.9780,86
2490,4.9800,86
2491,4.9820,86
2492,4.9840,87
2493,4.9860,87
2494,4.9880,87
2495,4.9900,88
2496,4.9920,88
2497,4.9940,88
2498,4.9960,88
2499,4.9980,88
2500,5.0000,88
2501,5.0020,89
2502,5.0040,89
2503,5.0060,89
2504,5.0080,89
2505,5.0100,90
2506,5.0120,90
2507,5.0140,90
2508,5.0160,90
2509,5.0180,90
2510,5.0200,90
2511,5.0220,90
2512,5.0240,90
2513,5.0260,90
2514,5.0280,90
2515,5.0300,90
2516,5.0320,90
2517,5.0340,90
2518,5.0360,90
2519,5.0380,90
2520,5.0400,90
2521,5.0420,90
2522,5.0440,90
2523,5.0460,90
2524,5.0480,89
2525,5.0500,89
2526,5.0520,89
2527,5.0540,89
2528,5.0560,89
2529,5.0580,88
2530,5.0600,88
2531,5.0620,88
2532,5.0640,88
2533,5.0660,88
2534,5.0680,88
2535,5.0700,87
2536,5.0720,87
2537,5.0740,86
2538,5.0760,86
2539,5.0780,86
2540,5.0800,86
2541,5.0820,85
2542,5.0840,85
2543,5.0860,84
2544,5.0880,84
2545,5.0900,84
2546,5.0920,83
2547,5.0940,83
2548,5.0960,82
2549,5.0980,82
2550,5.1000,82
2551,5.1020,81
2552,5.1040,80
2553,5.1060,80
2554,5.1080,80
2555,5.1100,79
2556,5.1120,78
2557,5.1140,78
2558,5.1160,77
2559,5.1180,77
2560,5.1200,76
2561,5.1220,76
2562,5.1240,75
2563,5.1260,74
2564,5.1280,74
2565,5.1300,73
2566,5.1320,72
2567,5.1340,72
2568,5.1360,71
2569,5.1380,70
2570,5.1400,70
2571,5.1420,69
2572,5.1440,68
2573,5.1460,68
2574,5.1480,67
2575,5.1500,66
2576,5.1520,66
2577,5.1540,65
2578,5.1560,64
2579,5.1580,63
2580,5.1600,62
2581,5.1620,62
2582,5.1640,61
2583,5.1660,60
2584,5.1680,59
2585,5.1700,58
2586,5.1720,58
2587,5.1740,57
2588,5.1760,56
2589,5.1780,55
2590,5.1800,54
2591,5.1820,53
2592,5.1840,52
2593,5.1860,52
2594,5.1880,51
2595,5.1900,50
2596,5.1920,49
2597,5.1940,48
2598,5.1960,47
2599,5.1980,46
2600,5.2000,45
2601,5.2020,44
2602,5.2040,43
2603,5.2060,42
2604,5.2080,41
2605,5.2100,40
2606,5.2120,39
2607,5.2140,38
2608,5.2160,37
2609,5.2180,36
2610,5.2200,35
2611,5.2220,34
2612,5.2240,33
2613,5.2260,32
2614,5.2280,31
2615,5.2300,30
2616,5.2320,29
2617,5.2340,28
2618,5.2360,27
2619,5.2380,26
2620,5.2400,25
2621,5.2420,24
2622,5.2440,23
2623,5.2460,22
2624,5.2480,20
2625,5.2500,20
2626,5.2520,18
2627,5.2540,17
2628,5.2560,16
2629,5.2580,15
2630,5.2600,14
2631,5.2620,13
2632,5.2640,12
2633,5.2660,11
2634,5.2680,10
2635,5.2700,9
2636,5.2720,8
2637,5.2740,6
2638,5.2760,6
2639,5.2780,4
2640,5.2800,3
2641,5.2820,2
2642,5.2840,1
2643,5.2860,0
2644,5.2880,-1
2645,5.2900,-2
2646,5.2920,-3
2647,5.2940,-4
2648,5.2960,-6
2649,5.2980,-6
2650,5.3000,-8
2651,5.3020,-9
2652,5.3040,-10
2653,5.3060,-11
2654,5.3080,-12
2655,5.3100,-14
2656,5.3120,-14
2657,5.3140,-16
2658,5.3160,-17
2659,5.3180,-18
2660,5.3200,-19
2661,5.3220,-20
2662,5.3240,-21
2663,5.3260,-22
2664,5.3280,-23
2665,5.3300,-24
2666,5.3320,-25
2667,5.3340,-26
2668,5.3360,-27
2669,5.3380,-28
2670,5.3400,-29
2671,5.3420,-30
2672,5.3440,-31
2673,5.3460,-32
2674,5.3480,-33
2675,5.3500,-34
2676,5.3520,-35
2677,5.3540,-36
2678,5.3560,-37
2679,5.3580,-38
2680,5.3600,-39
2681,5.3620,-40
2682,5.3640,-41
2683,5.3660,-42
2684,5.3680,-43
2685,5.3700,-44
2686,5.3720,-45
2687,5.3740,-46
2688,5.3760,-47
2689,5.3780,-48
2690,5.3800,-48
2691,5.3820,-50
2692,5.3840,-50
2693,5.3860,-51
2694,5.3880,-52
2695,5.3900,-53
2696,5.3920,-54
2697,5.3940,-55
2698,5.3960,-56
2699,5.3980,-56
2700,5.4000,-57
2701,5.4020,-58
2702,5.4040,-59
2703,5.4060,-60
2704,5.4080,-61
2705,5.4100,-62
2706,5.4120,-62
2707,5.4140,-63
2708,5.4160,-64
2709,5.4180,-64
2710,5.4200,-65
2711,5.4220,-66
2712,5.4240,-67
2713,5.4260,-67
2714,5.4280,-68
2715,5.4300,-69
2716,5.4320,-69
2717,5.4340,-70
2718,5.4360,-71
2719,5.4380,-71
2720,5.4400,-72
2721,5.4420,-72
2722,5.4440,-73
2723,5.4460,-74
2724,5.4480,-74
2725,5.4500,-75
2726,5.4520,-75
2727,5.4540,-76
2728,5.4560,-76
2729,5.4580,-77
2730,5.4600,-78
2731,5.4620,-78
2732,5.4640,-78
2733,5.4660,-79
2734,5.4680,-80
2735,5.4700,-80
2736,5.4720,-80
2737,5.4740,-81
2738,5.4760,-81
2739,5.4780,-82
2740,5.4800,-82
2741,5.4820,-82
2742,5.4840,-83
2743,5.4860,-83
2744,5.4880,-83
2745,5.4900,-84
2746,5.4920,-84
2747,5.4940,-84
2748,5.4960,-84
2749,5.4980,-85
2750,5.5000,-85
2751,5.5020,-86
2752,5.5040,-86
2753,5.5060,-86
2754,5.5080,-86
2755,5.5100,-86
2756,5.5120,-86
2757,5.5140,-87
2758,5.5160,-87
2759,5.5180,-87
2760,5.5200,-87
2761,5.5220,-87
2762,5.5240,-87
2763,5.5260,-87
2764,5.5280,-88
2765,5.5300,-88
2766,5.5320,-88
2767,5.5340,-88
2768,5.5360,-88
2769,5.5380,-88
2770,5.5400,-88
2771,5.5420,-88
2772,5.5440,-88
2773,5.5460,-88
2774,5.5480,-88
2775,5.5500,-88
2776,5.5520,-87
2777,5.5540,-87
2778,5.5560,-87
2779,5.5580,-87
2780,5.5600,-87
2781,5.5620,-87
2782,5.5640,-87
2783,5.5660,-86
2784,5.5680,-86
2785,5.5700,-86
2786,5.5720,-86
2787,5.5740,-86
2788,5.5760,-86
2789,5.5780,-85
2790,5.5800,-85
2791,5.5820,-85
2792,5.5840,-84
2793,5.5860,-84
2794,5.5880,-84
2795,5.5900,-84
2796,5.5920,-83
2797,5.5940,-83
2798,5.5960,-82
2799,5.5980,-82
2800,5.6000,-82
2801,5.6020,-81
2802,5.6040,-81
2803,5.6060,-80
2804,5.6080,-80
2805,5.6100,-79
2806,5.6120,-79
2807,5.6140,-78
2808,5.6160,-78
2809,5.6180,-77
2810,5.6200,-77
2811,5.6220,-76
2812,5.6240,-76
2813,5.6260,-75
2814,5.6280,-75
2815,5.6300,-74
2816,5.6320,-74
2817,5.6340,-73
2818,5.6360,-72
2819,5.6380,-72
2820,5.6400,-71
2821,5.6420,-70
2822,5.6440,-70
2823,5.6460,-69
2824,5.6480,-68
2825,5.6500,-68
2826,5.6520,-67
2827,5.6540,-66
2828,5.6560,-66
2829,5.6580,-65
2830,5.6600,-64
2831,5.6620,-64
2832,5.6640,-63
2833,5.6660,-62
2834,5.6680,-61
2835,5.6700,-60
2836,5.6720,-60
2837,5.6740,-59
2838,5.6760,-58
2839,5.6780,-57
2840,5.6800,-56
2841,5.6820,-56
2842,5.6840,-55
2843,5.6860,-54
2844,5.6880,-53
2845,5.6900,-52
2846,5.6920,-52
2847,5.6940,-50
2848,5.6960,-50
2849,5.6980,-49
2850,5.7000,-48
2851,5.7020,-46
2852,5.7040,-46
2853,5.7060,-45
2854,5.7080,-44
2855,5.7100,-43
2856,5.7120,-42
2857,5.7140,-41
2858,5.7160,-40
2859,5.7180,-39
2860,5.7200,-38
2861,5.7220,-37
2862,5.7240,-36
2863,5.7260,-35
2864,5.7280,-34
2865,5.7300,-33
2866,5.7320,-32
2867,5.7340,-31
2868,5.7360,-30
2869,5.7380,-29
2870,5.7400,-28
2871,5.7420,-27
2872,5.7440,-26
2873,5.7460,-25
2874,5.7480,-24
2875,5.7500,-23
2876,5.7520,-22
2877,5.7540,-21
2878,5.7560,-20
2879,5.7580,-19
2880,5.7600,-18
2881,5.7620,-16
2882,5.7640,-16
2883,5.7660,-14
2884,5.7680,-13
2885,5.7700,-12
2886,5.7720,-11
2887,5.7740,-10
2888,5.7760,-9
2889,5.7780,-8
2890,5.7800,-7
2891,5.7820,-6
2892,5.7840,-5
2893,5.7860,-4
2894,5.7880,-2
2895,5.7900,-2
2896,5.7920,0
2897,5.7940,1
2898,5.7960,2
2899,5.7980,3
2900,5.8000,4
2901,5.8020,6
2902,5.8040,7
2903,5.8060,8
2904,5.8080,9
2905,5.8100,10
2906,5.8120,11
2907,5.8140,12
2908,5.8160,13
2909,5.8180,14
2910,5.8200,15
2911,5.8220,16
2912,5.8240,17
2913,5.8260,18
2914,5.8280,20
2915,5.8300,20
2916,5.8320,22
2917,5.8340,22
2918,5.8360,24
2919,5.8380,25
2920,5.8400,26
2921,5.8420,27
2922,5.8440,28
2923,5.8460,29
2924,5.8480,30
2925,5.8500,31
2926,5.8520,32
2927,5.8540,33
2928,5.8560,34
2929,5.8580,35
2930,5.8600,36
2931,5.8620,37
2932,5.8640,38
2933,5.8660,39
2934,5.8680,40
2935,5.8700,41
2936,5.8720,42
2937,5.8740,43
2938,5.8760,44
2939,5.8780,44
2940,5.8800,46
2941,5.8820,46
2942,5.8840,47
2943,5.8860,48
2944,5.8880,49
2945,5.8900,50
2946,5.8920,51
2947,5.8940,52
2948,5.8960,53
2949,5.8980,54
2950,5.9000,54
2951,5.9020,56
2952,5.9040,56
2953,5.9060,57
2954,5.9080,58
2955,5.9100,59
2956,5.9120,60
2957,5.9140,61
2958,5.9160,62
2959,5.9180,62
2960,5.9200,63
2961,5.9220,64
2962,5.9240,64
2963,5.9260,65
2964,5.9280,66
2965,5.9300,67
2966,5.9320,67
2967,5.9340,68
2968,5.9360,69
2969,5.9380,70
2970,5.9400,70
2971,5.9420,71
2972,5.9440,72
2973,5.9460,72
2974,5.9480,73
2975,5.9500,73
2976,5.9520,74
2977,5.9540,74
2978,5.9560,75
2979,5.9580,76
2980,5.9600,76
2981,5.9620,77
2982,5.9640,77
2983,5.9660,78
2984,5.9680,78
2985,5.9700,79
2986,5.9720,80
2987,5.9740,80
2988,5.9760,80
2989,5.9780,81
2990,5.9800,81
2991,5.9820,82
2992,5.9840,82
2993,5.9860,82
2994,5.9880,83
2995,5.9900,83
2996,5.9920,84
2997,5.9940,84
2998,5.9960,84
2999,5.9980,85
3000,6.0000,85
3001,6.0020,86
3002,6.0040,86
3003,6.0060,86
3004,6.0080,86
3005,6.0100,87
3006,6.0120,87
3007,6.0140,87
3008,6.0160,88
3009,6.0180,88
3010,6.0200,88
3011,6.0220,88
3012,6.0240,88
3013,6.0260,88
3014,6.0280,88
3015,6.0300,89
3016,6.0320,89
3017,6.0340,89
3018,6.0360,89
3019,6.0380,89
3020,6.0400,89
3021,6.0420,89
3022,6.0440,89
3023,6.0460,89
3024,6.0480,89
3025,6.0500,89
3026,6.0520,89
3027,6.0540,89
3028,6.0560,89
3029,6.0580,89
3030,6.0600,89
3031,6.0620,89
3032,6.0640,89
3033,6.0660,89
3034,6.0680,89
3035,6.0700,88
3036,6.0720,88
3037,6.0740,88
3038,6.0760,88
3039,6.0780,88
3040,6.0800,88
3041,6.0820,88
3042,6.0840,87
3043,6.0860,87
3044,6.0880,87
3045,6.0900,86
3046,6.0920,86
3047,6.0940,86
3048,6.0960,86
3049,6.0980,85
3050,6.1000,85
3051,6.1020,84
3052,6.1040,84
3053,6.1060,84
3054,6.1080,84
3055,6.1100,83
3056,6.1120,83
3057,6.1140,82
3058,6.1160,82
3059,6.1180,82
3060,6.1200,81
3061,6.1220,80
3062,6.1240,80
3063,6.1260,80
3064,6.1280,79
3065,6.1300,78
3066,6.1320,78
3067,6.1340,78
3068,6.1360,77
3069,6.1380,76
3070,6.1400,76
3071,6.1420,75
3072,6.1440,75
3073,6.1460,74
3074,6.1480,74
3075,6.1500,73
3076,6.1520,72
3077,6.1540,72
3078,6.1560,71
3079,6.1580,70
3080,6.1600,70
3081,6.1620,69
3082,6.1640,68
3083,6.1660,68
3084,6.1680,67
3085,6.1700,66
3086,6.1720,66
3087,6.1740,65
3088,6.1760,64
3089,6.1780,63
3090,6.1800,62
3091,6.1820,62
3092,6.1840,61
3093,6.1860,60
3094,6.1880,59
3095,6.1900,58
3096,6.1920,58
3097,6.1940,57
3098,6.1960,56
3099,6.1980,55
3100,6.2000,54
3101,6.2020,53
3102,6.2040,52
3103,6.2060,51
3104,6.2080,50
3105,6.2100,49
3106,6.2120,48
3107,6.2140,48
3108,6.2160,47
3109,6.2180,46
3110,6.2200,45
3111,6.2220,44
3112,6.2240,43
3113,6.2260,42
3114,6.2280,41
3115,6.2300,40
3116,6.2320,39
3117,6.2340,38
3118,6.2360,37
3119,6.2380,36
3120,6.2400,35
3121,6.2420,34
3122,6.2440,33
3123,6.2460,32
3124,6.2480,31
3125,6.2500,30
3126,6.2520,29
3127,6.2540,28
3128,6.2560,27
3129,6.2580,26
3130,6.2600,25
3131,6.2620,24
3132,6.2640,23
3133,6.2660,22
3134,6.2680,21
3135,6.2700,20
3136,6.2720,19
3137,6.2740,18
3138,6.2760,17
3139,6.2780,16
3140,6.2800,14
3141,6.2820,14
3142,6.2840,12
3143,6.2860,11
3144,6.2880,10
3145,6.2900,9
3146,6.2920,8
3147,6.2940,7
3148,6.2960,6
3149,6.2980,5
3150,6.3000,4
3151,6.3020,2
3152,6.3040,1
3153,6.3060,0
3154,6.3080,-1
3155,6.3100,-2
3156,6.3120,-3
3157,6.3140,-4
3158,6.3160,-5
3159,6.3180,-6
3160,6.3200,-8
3161,6.3220,-8
3162,6.3240,-10
3163,6.3260,-11
3164,6.3280,-12
3165,6.3300,-13
3166,6.3320,-14
3167,6.3340,-15
3168,6.3360,-16
3169,6.3380,-17
3170,6.3400,-18
3171,6.3420,-19
3172,6.3440,-20
3173,6.3460,-21
3174,6.3480,-22
3175,6.3500,-23
3176,6.3520,-24
3177,6.3540,-25
3178,6.3560,-26
3179,6.3580,-28
3180,6.3600,-28
3181,6.3620,-30
3182,6.3640,-30
3183,6.3660,-32
3184,6.3680,-32
3185,6.3700,-34
3186,6.3720,-34
3187,6.3740,-36
3188,6.3760,-36
3189,6.3780,-37
3190,6.3800,-38
3191,6.3820,-39
3192,6.3840,-40
3193,6.3860,-41
3194,6.3880,-42
3195,6.3900,-43
3196,6.3920,-44
3197,6.3940,-45
3198,6.3960,-46
3199,6.3980,-47
3200,6.4000,-48
3201,6.4020,-49
3202,6.4040,-50
3203,6.4060,-51
3204,6.4080,-52
3205,6.4100,-52
3206,6.4120,-53
3207,6.4140,-54
3208,6.4160,-55
3209,6.4180,-56
3210,6.4200,-56
3211,6.4220,-57
3212,6.4240,-58
3213,6.4260,-59
3214,6.4280,-60
3215,6.4300,-60
3216,6.4320,-61
3217,6.4340,-62
3218,6.4360,-63
3219,6.4380,-64
3220,6.4400,-64
3221,6.4420,-65
3222,6.4440,-66
3223,6.4460,-66
3224,6.4480,-67
3225,6.4500,-68
3226,6.4520,-68
3227,6.4540,-69
3228,6.4560,-70
3229,6.4580,-70
3230,6.4600,-71
3231,6.4620,-72
3232,6.4640,-72
3233,6.4660,-73
3234,6.4680,-73
3235,6.4700,-74
3236,6.4720,-74
3237,6.4740,-75
3238,6.4760,-76
3239,6.4780,-76
3240,6.4800,-76
3241,6.4820,-77
3242,6.4840,-78
3243,6.4860,-78
3244,6.4880,-78
3245,6.4900,-79
3246,6.4920,-79
3247,6.4940,-80
3248,6.4960,-80
3249,6.4980,-80
3250,6.5000,-81
3251,6.5020,-82
3252,6.5040,-82
3253,6.5060,-82
3254,6.5080,-82
3255,6.5100,-83
3256,6.5120,-83
3257,6.5140,-84
3258,6.5160,-84
3259,6.5180,-84
3260,6.5200,-84
3261,6.5220,-84
3262,6.5240,-85
3263,6.5260,-85
3264,6.5280,-85
3265,6.5300,-85
3266,6.5320,-86
3267,6.5340,-86
3268,6.5360,-86
3269,6.5380,-86
3270,6.5400,-86
3271,6.5420,-86
3272,6.5440,-86
3273,6.5460,-86
3274,6.5480,-87
3275,6.5500,-87
3276,6.5520,-87
3277,6.5540,-87
3278,6.5560,-87
3279,6.5580,-87
3280,6.5600,-87
3281,6.5620,-87
3282,6.5640,-87
3283,6.5660,-87
3284,6.5680,-87
3285,6.5700,-87
3286,6.5720,-87
3287,6.5740,-86
3288,6.5760,-86
3289,6.5780,-86
3290,6.5800,-86
3291,6.5820,-86
3292,6.5840,-86
3293,6.5860,-86
3294,6.5880,-86
3295,6.5900,-85
3296,6.5920,-85
3297,6.5940,-85
3298,6.5960,-85
3299,6.5980,-84
3300,6.6000,-84
3301,6.6020,-84
3302,6.6040,-84
3303,6.6060,-83
3304,6.6080,-83
3305,6.6100,-83
3306,6.6120,-82
3307,6.6140,-82
3308,6.6160,-82
3309,6.6180,-81
3310,6.6200,-81
3311,6.6220,-80
3312,6.6240,-80
3313,6.6260,-80
3314,6.6280,-79
3315,6.6300,-79
3316,6.6320,-78
3317,6.6340,-78
3318,6.6360,-77
3319,6.6380,-77
3320,6.6400,-76
3321,6.6420,-76
3322,6.6440,-75
3323,6.6460,-75
3324,6.6480,-74
3325,6.6500,-74
3326,6.6520,-73
3327,6.6540,-72
3328,6.6560,-72
3329,6.6580,-71
3330,6.6600,-71
3331,6.6620,-70
3332,6.6640,-69
3333,6.6660,-69
3334,6.6680,-68
3335,6.6700,-68
3336,6.6720,-67
3337,6.6740,-66
3338,6.6760,-65
3339,6.6780,-65
3340,6.6800,-64
3341,6.6820,-63
3342,6.6840,-62
3343,6.6860,-62
3344,6.6880,-61
3345,6.6900,-60
3346,6.6920,-60
3347,6.6940,-59
3348,6.6960,-58
3349,6.6980,-57
3350,6.7000,-56
3351,6.7020,-55
3352,6.7040,-54
3353,6.7060,-54
3354,6.7080,-52
3355,6.7100,-52
3356,6.7120,-51
3357,6.7140,-50
3358,6.7160,-49
3359,6.7180,-48
3360,6.7200,-47
3361,6.7220,-46
3362,6.7240,-46
3363,6.7260,-45
3364,6.7280,-44
3365,6.7300,-43
3366,6.7320,-42
3367,6.7340,-41
3368,6.7360,-40
3369,6.7380,-39
3370,6.7400,-38
3371,6.7420,-37
3372,6.7440,-36
3373,6.7460,-35
3374,6.7480,-34
3375,6.7500,-33
3376,6.7520,-32
3377,6.7540,-31
3378,6.7560,-30
3379,6.7580,-29
3380,6.7600,-28
3381,6.7620,-27
3382,6.7640,-26
3383,6.7660,-25
3384,6.7680,-24
3385,6.7700,-23
3386,6.7720,-22
3387,6.7740,-21
3388,6.7760,-20
3389,6.7780,-19
3390,6.7800,-18
3391,6.7820,-17
3392,6.7840,-16
3393,6.7860,-15
3394,6.7880,-14
3395,6.7900,-12
3396,6.7920,-12
3397,6.7940,-10
3398,6.7960,-9
3399,6.7980,-8
3400,6.8000,-7
3401,6.8020,-6
3402,6.8040,-4
3403,6.8060,-4
3404,6.8080,-2
3405,6.8100,-1
3406,6.8120,0
3407,6.8140,1
3408,6.8160,2
3409,6.8180,3
3410,6.8200,4
3411,6.8220,5
3412,6.8240,6
3413,6.8260,7
3414,6.8280,8
3415,6.8300,9
3416,6.8320,10
3417,6.8340,12
3418,6.8360,12
3419,6.8380,14
3420,6.8400,15
3421,6.8420,16
3422,6.8440,17
3423,6.8460,18
3424,6.8480,19
3425,6.8500,20
3426,6.8520,21
3427,6.8540,22
3428,6.8560,23
3429,6.8580,24
3430,6.8600,25
3431,6.8620,26
3432,6.8640,27
3433,6.8660,28
3434,6.8680,29
3435,6.8700,30
3436,6.8720,31
3437,6.8740,32
3438,6.8760,33
3439,6.8780,34
3440,6.8800,35
3441,6.8820,36
3442,6.8840,37
3443,6.8860,38
3444,6.8880,39
3445,6.8900,40
3446,6.8920,41
3447,6.8940,42
3448,6.8960,43
3449,6.8980,44
3450,6.9000,45
3451,6.9020,46
3452,6.9040,47
3453,6.9060,48
3454,6.9080,49
3455,6.9100,50
3456,6.9120,50
3457,6.9140,52
3458,6.9160,52
3459,6.9180,53
3460,6.9200,54
3461,6.9220,55
3462,6.9240,56
3463,6.9260,56
3464,6.9280,57
3465,6.9300,58
3466,6.9320,59
3467,6.9340,60
3468,6.9360,60
3469,6.9380,61
3470,6.9400,62
3471,6.9420,63
3472,6.9440,64
3473,6.9460,64
3474,6.9480,65
3475,6.9500,66
3476,6.9520,66
3477,6.9540,67
3478,6.9560,68
3479,6.9580,68
3480,6.9600,69
3481,6.9620,70
3482,6.9640,70
3483,6.9660,71
3484,6.9680,72
3485,6.9700,72
3486,6.9720,73
3487,6.9740,74
3488,6.9760,74
3489,6.9780,75
3490,6.9800,75
3491,6.9820,76
3492,6.9840,76
3493,6.9860,77
3494,6.9880,78
3495,6.9900,78
3496,6.9920,78
3497,6.9940,79
3498,6.9960,80
3499,6.9980,80
3500,7.0000,80
3501,7.0020,81
3502,7.0040,82
3503,7.0060,82
3504,7.0080,82
3505,7.0100,83
3506,7.0120,83
3507,7.0140,83
3508,7.0160,84
3509,7.0180,84
3510,7.0200,84
3511,7.0220,85
3512,7.0240,85
3513,7.0260,85
3514,7.0280,86
3515,7.0300,86
3516,7.0320,86
3517,7.0340,86
3518,7.0360,86
3519,7.0380,87
3520,7.0400,87
3521,7.0420,87
3522,7.0440,87
3523,7.0460,88
3524,7.0480,88
3525,7.0500,88
3526,7.0520,88
3527,7.0540,88
3528,7.0560,88
3529,7.0580,88
3530,7.0600,88
3531,7.0620,88
3532,7.0640,88
3533,7.0660,88
3534,7.0680,88
3535,7.0700,88
3536,7.0720,88
3537,7.0740,88
3538,7.0760,88
3539,7.0780,88
3540,7.0800,88
3541,7.0820,88
3542,7.0840,88
3543,7.0860,88
3544,7.0880,88
3545,7.0900,88
3546,7.0920,88
3547,7.0940,88
3548,7.0960,87
3549,7.0980,87
3550,7.1000,87
3551,7.1020,87
3552,7.1040,86
3553,7.1060,86
3554,7.1080,86
3555,7.1100,86
3556,7.1120,86
3557,7.1140,85
3558,7.1160,85
3559,7.1180,84
3560,7.1200,84
3561,7.1220,84
3562,7.1240,84
3563,7.1260,83
3564,7.1280,83
3565,7.1300,82
3566,7.1320,82
3567,7.1340,82
3568,7.1360,81
3569,7.1380,81
3570,7.1400,80
3571,7.1420,80
3572,7.1440,80
3573,7.1460,79
3574,7.1480,78
3575,7.1500,78
3576,7.1520,78
3577,7.1540,77
3578,7.1560,76
3579,7.1580,76
3580,7.1600,75
3581,7.1620,75
3582,7.1640,74
3583,7.1660,74
3584,7.1680,73
3585,7.1700,72
3586,7.1720,72
3587,7.1740,71
3588,7.1760,70
3589,7.1780,70
3590,7.1800,69
3591,7.1820,68
3592,7.1840,68
3593,7.1860,67
3594,7.1880,66
3595,7.1900,66
3596,7.1920,65
3597,7.1940,64
3598,7.1960,64
3599,7.1980,63
3600,7.2000,62
3601,7.2020,61
3602,7.2040,60
3603,7.2060,59
3604,7.2080,58
3605,7.2100,58
3606,7.2120,57
3607,7.2140,56
3608,7.2160,55
3609,7.2180,54
3610,7.2200,54
3611,7.2220,53
3612,7.2240,52
3613,7.2260,51
3614,7.2280,50
3615,7.2300,49
3616,7.2320,48
3617,7.2340,48
3618,7.2360,46
3619,7.2380,46
3620,7.2400,45
3621,7.2420,44
3622,7.2440,43
3623,7.2460,42
3624,7.2480,41
3625,7.2500,40
3626,7.2520,39
3627,7.2540,38
3628,7.2560,37
3629,7.2580,36
3630,7.2600,35
3631,7.2620,34
3632,7.2640,33
3633,7.2660,32
3634,7.2680,31
3635,7.2700,30
3636,7.2720,29
3637,7.2740,28
3638,7.2760,27
3639,7.2780,26
3640,7.2800,25
3641,7.2820,24
3642,7.2840,23
3643,7.2860,22
3644,7.2880,21
3645,7.2900,20
3646,7.2920,19
3647,7.2940,18
3648,7.2960,17
3649,7.2980,16
3650,7.3000,15
3651,7.3020,13
3652,7.3040,12
3653,7.3060,11
3654,7.3080,10
3655,7.3100,9
3656,7.3120,8
3657,7.3140,7
3658,7.3160,6
3659,7.3180,5
3660,7.3200,4
3661,7.3220,2
3662,7.3240,2
3663,7.3260,0
3664,7.3280,-1
3665,7.3300,-2
3666,7.3320,-3
3667,7.3340,-4
3668,7.3360,-5
3669,7.3380,-6
3670,7.3400,-7
3671,7.3420,-8
3672,7.3440,-9
3673,7.3460,-10
3674,7.3480,-11
3675,7.3500,-12
3676,7.3520,-13
3677,7.3540,-14
3678,7.3560,-16
3679,7.3580,-16
3680,7.3600,-18
3681,7.3620,-19
3682,7.3640,-20
3683,7.3660,-21
3684,7.3680,-22
3685,7.3700,-23
3686,7.3720,-24
3687,7.3740,-25
3688,7.3760,-26
3689,7.3780,-27
3690,7.3800,-28
3691,7.3820,-29
3692,7.3840,-30
3693,7.3860,-31
3694,7.3880,-32
3695,7.3900,-33
3696,7.3920,-34
3697,7.3940,-35
3698,7.3960,-36
3699,7.3980,-37
3700,7.4000,-38
3701,7.4020,-39
3702,7.4040,-40
3703,7.4060,-41
3704,7.4080,-42
3705,7.4100,-43
3706,7.4120,-44
3707,7.4140,-45
3708,7.4160,-46
3709,7.4180,-46
3710,7.4200,-47
3711,7.4220,-48
3712,7.4240,-49
3713,7.4260,-50
3714,7.4280,-51
3715,7.4300,-52
3716,7.4320,-52
3717,7.4340,-53
3718,7.4360,-54
3719,7.4380,-55
3720,7.4400,-56
3721,7.4420,-57
3722,7.4440,-58
3723,7.4460,-58
3724,7.4480,-59
3725,7.4500,-60
3726,7.4520,-60
3727,7.4540,-61
3728,7.4560,-62
3729,7.4580,-63
3730,7.4600,-64
3731,7.4620,-64
3732,7.4640,-65
3733,7.4660,-66
3734,7.4680,-66
3735,7.4700,-67
3736,7.4720,-68
3737,7.4740,-68
3738,7.4760,-69
3739,7.4780,-70
3740,7.4800,-70
3741,7.4820,-71
3742,7.4840,-71
3743,7.4860,-72
3744,7.4880,-72
3745,7.4900,-73
3746,7.4920,-74
3747,7.4940,-74
3748,7.4960,-75
3749,7.4980,-75
3750,7.5000,-76
3751,7.5020,-76
3752,7.5040,-77
3753,7.5060,-78
3754,7.5080,-78
3755,7.5100,-78
3756,7.5120,-79
3757,7.5140,-79
3758,7.5160,-80
3759,7.5180,-80
3760,7.5200,-80
3761,7.5220,-81
3762,7.5240,-81
3763,7.5260,-82
3764,7.5280,-82
3765,7.5300,-82
3766,7.5320,-82
3767,7.5340,-83
3768,7.5360,-83
3769,7.5380,-83
3770,7.5400,-84
3771,7.5420,-84
3772,7.5440,-84
3773,7.5460,-84
3774,7.5480,-84
3775,7.5500,-85
3776,7.5520,-85
3777,7.5540,-85
3778,7.5560,-85
3779,7.5580,-85
3780,7.5600,-86
3781,7.5620,-86
3782,7.5640,-86
3783,7.5660,-86
3784,7.5680,-86
3785,7.5700,-86
3786,7.5720,-86
3787,7.5740,-86
3788,7.5760,-86
3789,7.5780,-86
3790,7.5800,-86
3791,7.5820,-86
3792,7.5840,-86
3793,7.5860,-86
3794,7.5880,-86
3795,7.5900,-86
3796,7.5920,-86
3797,7.5940,-86
3798,7.5960,-86
3799,7.5980,-86
3800,7.6000,-86
3801,7.6020,-86
3802,7.6040,-85
3803,7.6060,-85
3804,7.6080,-85
3805,7.6100,-85
3806,7.6120,-84
3807,7.6140,-84
3808,7.6160,-84
3809,7.6180,-84
3810,7.6200,-84
3811,7.6220,-83
3812,7.6240,-83
3813,7.6260,-83
3814,7.6280,-82
3815,7.6300,-82
3816,7.6320,-82
3817,7.6340,-82
3818,7.6360,-81
3819,7.6380,-81
3820,7.6400,-80
3821,7.6420,-80
3822,7.6440,-80
3823,7.6460,-79
3824,7.6480,-79
3825,7.6500,-78
3826,7.6520,-78
3827,7.6540,-78
3828,7.6560,-77
3829,7.6580,-76
3830,7.6600,-76
3831,7.6620,-76
3832,7.6640,-75
3833,7.6660,-74
3834,7.6680,-74
3835,7.6700,-73
3836,7.6720,-73
3837,7.6740,-72
3838,7.6760,-72
3839,7.6780,-71
3840,7.6800,-70
3841,7.6820,-70
3842,7.6840,-69
3843,7.6860,-68
3844,7.6880,-68
3845,7.6900,-67
3846,7.6920,-67
3847,7.6940,-66
3848,7.6960,-65
3849,7.6980,-64
3850,7.7000,-64
3851,7.7020,-63
3852,7.7040,-62
3853,7.7060,-61
3854,7.7080,-60
3855,7.7100,-60
3856,7.7120,-59
3857,7.7140,-58
3858,7.7160,-58
3859,7.7180,-57
3860,7.7200,-56
3861,7.7220,-55
3862,7.7240,-54
3863,7.7260,-54
3864,7.7280,-53
3865,7.7300,-52
3866,7.7320,-51
3867,7.7340,-50
3868,7.7360,-49
3869,7.7380,-48
3870,7.7400,-48
3871,7.7420,-46
3872,7.7440,-46
3873,7.7460,-45
3874,7.7480,-44
3875,7.7500,-43
3876,7.7520,-42
3877,7.7540,-41
3878,7.7560,-40
3879,7.7580,-39
3880,7.7600,-38
3881,7.7620,-37
3882,7.7640,-36
3883,7.7660,-35
3884,7.7680,-34
3885,7.7700,-34
3886,7.7720,-32
3887,7.7740,-32
3888,7.7760,-30
3889,7.7780,-30
3890,7.7800,-28
3891,7.7820,-28
3892,7.7840,-26
3893,7.7860,-26
3894,7.7880,-24
3895,7.7900,-23
3896,7.7920,-22
3897,7.7940,-21
3898,7.7960,-20
3899,7.7980,-19
3900,7.8000,-18
3901,7.8020,-17
3902,7.8040,-16
3903,7.8060,-14
3904,7.8080,-14
3905,7.8100,-12
3906,7.8120,-12
3907,7.8140,-10
3908,7.8160,-9
3909,7.8180,-8
3910,7.8200,-7
3911,7.8220,-6
3912,7.8240,-5
3913,7.8260,-4
3914,7.8280,-3
3915,7.8300,-2
3916,7.8320,-1
3917,7.8340,0
3918,7.8360,1
3919,7.8380,2
3920,7.8400,3
3921,7.8420,4
3922,7.8440,6
3923,7.8460,6
3924,7.8480,8
3925,7.8500,9
3926,7.8520,10
3927,7.8540,11
3928,7.8560,12
3929,7.8580,13
3930,7.8600,14
3931,7.8620,15
3932,7.8640,16
3933,7.8660,17
3934,7.8680,18
3935,7.8700,19
3936,7.8720,20
3937,7.8740,21
3938,7.8760,22
3939,7.8780,23
3940,7.8800,24
3941,7.8820,25
3942,7.8840,26
3943,7.8860,27
3944,7.8880,28
3945,7.8900,29
3946,7.8920,30
3947,7.8940,31
3948,7.8960,32
3949,7.8980,33
3950,7.9000,34
3951,7.9020,36
3952,7.9040,37
3953,7.9060,38
3954,7.9080,39
3955,7.9100,40
3956,7.9120,40
3957,7.9140,42
3958,7.9160,42
3959,7.9180,43
3960,7.9200,44
3961,7.9220,45
3962,7.9240,46
3963,7.9260,47
3964,7.9280,48
3965,7.9300,49
3966,7.9320,50
3967,7.9340,50
3968,7.9360,52
3969,7.9380,52
3970,7.9400,53
3971,7.9420,54
3972,7.9440,55
3973,7.9460,56
3974,7.9480,56
3975,7.9500,57
3976,7.9520,58
3977,7.9540,59
3978,7.9560,60
3979,7.9580,60
3980,7.9600,61
3981,7.9620,62
3982,7.9640,63
3983,7.9660,63
3984,7.9680,64
3985,7.9700,65
3986,7.9720,66
3987,7.9740,66
3988,7.9760,67
3989,7.9780,68
3990,7.9800,68
3991,7.9820,69
3992,7.9840,70
3993,7.9860,70
3994,7.9880,71
3995,7.9900,72
3996,7.9920,72
3997,7.9940,73
3998,7.9960,73
3999,7.9980,74
4000,8.0000,74
4001,8.0020,75
4002,8.0040,76
4003,8.0060,76
4004,8.0080,77
4005,8.0100,77
4006,8.0120,78
4007,8.0140,78
4008,8.0160,79
4009,8.0180,79
4010,8.0200,80
4011,8.0220,80
4012,8.0240,80
4013,8.0260,81
4014,8.0280,82
4015,8.0300,82
4016,8.0320,82
4017,8.0340,82
4018,8.0360,83
4019,8.0380,83
4020,8.0400,84
4021,8.0420,84
4022,8.0440,84
4023,8.0460,84
4024,8.0480,85
4025,8.0500,85
4026,8.0520,85
4027,8.0540,86
4028,8.0560,86
4029,8.0580,86
4030,8.0600,86
4031,8.0620,86
4032,8.0640,86
4033,8.0660,87
4034,8.0680,87
4035,8.0700,87
4036,8.0720,87
4037,8.0740,87
4038,8.0760,87
4039,8.0780,87
4040,8.0800,88
4041,8.0820,88
4042,8.0840,88
4043,8.0860,88
4044,8.0880,88
4045,8.0900,88
4046,8.0920,88
4047,8.0940,88
4048,8.0960,88
4049,8.0980,88
4050,8.1000,88
4051,8.1020,88
4052,8.1040,87
4053,8.1060,87
4054,8.1080,87
4055,8.1100,87
4056,8.1120,87
4057,8.1140,87
4058,8.1160,86
4059,8.1180,86
4060,8.1200,86
4061,8.1220,86
4062,8.1240,86
4063,8.1260,86
4064,8.1280,85
4065,8.1300,85
4066,8.1320,85
4067,8.1340,84
4068,8.1360,84
4069,8.1380,84
4070,8.1400,84
4071,8.1420,83
4072,8.1440,83
4073,8.1460,83
4074,8.1480,82
4075,8.1500,82
4076,8.1520,82
4077,8.1540,81
4078,8.1560,81
4079,8.1580,80
4080,8.1600,80
4081,8.1620,80
4082,8.1640,79
4083,8.1660,78
4084,8.1680,78
4085,8.1700,78
4086,8.1720,77
4087,8.1740,76
4088,8.1760,76
4089,8.1780,76
4090,8.1800,75
4091,8.1820,74
4092,8.1840,74
4093,8.1860,73
4094,8.1880,73
4095,8.1900,72
4096,8.1920,72
4097,8.1940,71
4098,8.1960,70
4099,8.1980,70
4100,8.2000,69
4101,8.2020,68
4102,8.2040,67
4103,8.2060,66
4104,8.2080,66
4105,8.2100,65
4106,8.2120,64
4107,8.2140,64
4108,8.2160,63
4109,8.2180,62
4110,8.2200,62
4111,8.2220,61
4112,8.2240,60
4113,8.2260,59
4114,8.2280,58
4115,8.2300,58
4116,8.2320,57
4117,8.2340,56
4118,8.2360,55
4119,8.2380,54
4120,8.2400,54
4121,8.2420,53
4122,8.2440,52
4123,8.2460,51
4124,8.2480,50
4125,8.2500,49
4126,8.2520,48
4127,8.2540,48
4128,8.2560,46
4129,8.2580,46
4130,8.2600,45
4131,8.2620,44
4132,8.2640,43
4133,8.2660,42
4134,8.2680,41
4135,8.2700,40
4136,8.2720,39
4137,8.2740,38
4138,8.2760,37
4139,8.2780,36
4140,8.2800,35
4141,8.2820,34
4142,8.2840,33
4143,8.2860,32
4144,8.2880,32
4145,8.2900,30
4146,8.2920,30
4147,8.2940,28
4148,8.2960,28
4149,8.2980,26
4150,8.3000,26
4151,8.3020,24
4152,8.3040,23
4153,8.3060,22
4154,8.3080,21
4155,8.3100,20
4156,8.3120,19
4157,8.3140,18
4158,8.3160,17
4159,8.3180,16
4160,8.3200,15
4161,8.3220,14
4162,8.3240,12
4163,8.3260,12
4164,8.3280,10
4165,8.3300,9
4166,8.3320,8
4167,8.3340,7
4168,8.3360,6
4169,8.3380,5
4170,8.3400,4
4171,8.3420,3
4172,8.3440,2
4173,8.3460,1
4174,8.3480,0
4175,8.3500,-1
4176,8.3520,-2
4177,8.3540,-3
4178,8.3560,-4
4179,8.3580,-6
4180,8.3600,-6
4181,8.3620,-8
4182,8.3640,-9
4183,8.3660,-10
4184,8.3680,-11
4185,8.3700,-12
4186,8.3720,-13
4187,8.3740,-14
4188,8.3760,-15
4189,8.3780,-16
4190,8.3800,-17
4191,8.3820,-18
4192,8.3840,-19
4193,8.3860,-20
4194,8.3880,-21
4195,8.3900,-22
4196,8.3920,-23
4197,8.3940,-24
4198,8.3960,-25
4199,8.3980,-26
4200,8.4000,-27
4201,8.4020,-29
4202,8.4040,-30
4203,8.4060,-31
4204,8.4080,-32
4205,8.4100,-32
4206,8.4120,-34
4207,8.4140,-34
4208,8.4160,-36
4209,8.4180,-36
4210,8.4200,-38
4211,8.4220,-38
4212,8.4240,-39
4213,8.4260,-40
4214,8.4280,-41
4215,8.4300,-42
4216,8.4320,-43
4217,8.4340,-44
4218,8.4360,-45
4219,8.4380,-46
4220,8.4400,-46
4221,8.4420,-48
4222,8.4440,-48
4223,8.4460,-49
4224,8.4480,-50
4225,8.4500,-51
4226,8.4520,-52
4227,8.4540,-52
4228,8.4560,-53
4229,8.4580,-54
4230,8.4600,-55
4231,8.4620,-56
4232,8.4640,-56
4233,8.4660,-57
4234,8.4680,-58
4235,8.4700,-59
4236,8.4720,-60
4237,8.4740,-60
4238,8.4760,-61
4239,8.4780,-62
4240,8.4800,-62
4241,8.4820,-63
4242,8.4840,-64
4243,8.4860,-65
4244,8.4880,-65
4245,8.4900,-66
4246,8.4920,-67
4247,8.4940,-67
4248,8.4960,-68
4249,8.4980,-69
4250,8.5000,-69
4251,8.5020,-70
4252,8.5040,-71
4253,8.5060,-71
4254,8.5080,-72
4255,8.5100,-72
4256,8.5120,-73
4257,8.5140,-74
4258,8.5160,-74
4259,8.5180,-74
4260,8.5200,-75
4261,8.5220,-76
4262,8.5240,-76
4263,8.5260,-76
4264,8.5280,-77
4265,8.5300,-78
4266,8.5320,-78
4267,8.5340,-78
4268,8.5360,-79
4269,8.5380,-79
4270,8.5400,-80
4271,8.5420,-80
4272,8.5440,-80
4273,8.5460,-80
4274,8.5480,-81
4275,8.5500,-81
4276,8.5520,-82
4277,8.5540,-82
4278,8.5560,-82
4279,8.5580,-82
4280,8.5600,-83
4281,8.5620,-83
4282,8.5640,-83
4283,8.5660,-83
4284,8.5680,-84
4285,8.5700,-84
4286,8.5720,-84
4287,8.5740,-84
4288,8.5760,-84
4289,8.5780,-84
4290,8.5800,-85
4291,8.5820,-85
4292,8.5840,-85
4293,8.5860,-85
4294,8.5880,-85
4295,8.5900,-85
4296,8.5920,-85
4297,8.5940,-85
4298,8.5960,-85
4299,8.5980,-85
4300,8.6000,-85
4301,8.6020,-85
4302,8.6040,-85
4303,8.6060,-85
4304,8.6080,-85
4305,8.6100,-85
4306,8.6120,-85
4307,8.6140,-85
4308,8.6160,-85
4309,8.6180,-85
4310,8.6200,-85
4311,8.6220,-85
4312,8.6240,-84
4313,8.6260,-84
4314,8.6280,-84
4315,8.6300,-84
4316,8.6320,-84
4317,8.6340,-84
4318,8.6360,-83
4319,8.6380,-83
4320,8.6400,-83
4321,8.6420,-83
4322,8.6440,-82
4323,8.6460,-82
4324,8.6480,-82
4325,8.6500,-82
4326,8.6520,-81
4327,8.6540,-81
4328,8.6560,-80
4329,8.6580,-80
4330,8.6600,-80
4331,8.6620,-80
4332,8.6640,-79
4333,8.6660,-79
4334,8.6680,-78
4335,8.6700,-78
4336,8.6720,-77
4337,8.6740,-77
4338,8.6760,-76
4339,8.6780,-76
4340,8.6800,-76
4341,8.6820,-75
4342,8.6840,-74
4343,8.6860,-74
4344,8.6880,-73
4345,8.6900,-73
4346,8.6920,-72
4347,8.6940,-72
4348,8.6960,-71
4349,8.6980,-71
4350,8.7000,-70
4351,8.7020,-69
4352,8.7040,-68
4353,8.7060,-68
4354,8.7080,-67
4355,8.7100,-66
4356,8.7120,-66
4357,8.7140,-65
4358,8.7160,-64
4359,8.7180,-64
4360,8.7200,-63
4361,8.7220,-62
4362,8.7240,-62
4363,8.7260,-61
4364,8.7280,-60
4365,8.7300,-60
4366,8.7320,-59
4367,8.7340,-58
4368,8.7360,-57
4369,8.7380,-56
4370,8.7400,-56
4371,8.7420,-55
4372,8.7440,-54
4373,8.7460,-53
4374,8.7480,-52
4375,8.7500,-52
4376,8.7520,-51
4377,8.7540,-50
4378,8.7560,-49
4379,8.7580,-48
4380,8.7600,-47
4381,8.7620,-46
4382,8.7640,-46
4383,8.7660,-45
4384,8.7680,-44
4385,8.7700,-43
4386,8.7720,-42
4387,8.7740,-41
4388,8.7760,-40
4389,8.7780,-39
4390,8.7800,-38
4391,8.7820,-37
4392,8.7840,-36
4393,8.7860,-36
4394,8.7880,-34
4395,8.7900,-34
4396,8.7920,-32
4397,8.7940,-32
4398,8.7960,-30
4399,8.7980,-30
4400,8.8000,-28
4401,8.8020,-27
4402,8.8040,-26
4403,8.8060,-25
4404,8.8080,-24
4405,8.8100,-23
4406,8.8120,-22
4407,8.8140,-21
4408,8.8160,-20
4409,8.8180,-19
4410,8.8200,-18
4411,8.8220,-17
4412,8.8240,-16
4413,8.8260,-15
4414,8.8280,-14
4415,8.8300,-13
4416,8.8320,-12
4417,8.8340,-11
4418,8.8360,-10
4419,8.8380,-8
4420,8.8400,-8
4421,8.8420,-6
4422,8.8440,-6
4423,8.8460,-4
4424,8.8480,-3
4425,8.8500,-2
4426,8.8520,-1
4427,8.8540,0
4428,8.8560,1
4429,8.8580,2
4430,8.8600,3
4431,8.8620,4
4432,8.8640,5
4433,8.8660,6
4434,8.8680,7
4435,8.8700,8
4436,8.8720,9
4437,8.8740,10
4438,8.8760,12
4439,8.8780,12
4440,8.8800,14
4441,8.8820,14
4442,8.8840,16
4443,8.8860,17
4444,8.8880,18
4445,8.8900,19
4446,8.8920,20
4447,8.8940,21
4448,8.8960,22
4449,8.8980,23
4450,8.9000,24
4451,8.9020,25
4452,8.9040,26
4453,8.9060,27
4454,8.9080,28
4455,8.9100,29
4456,8.9120,30
4457,8.9140,31
4458,8.9160,32
4459,8.9180,33
4460,8.9200,34
4461,8.9220,35
4462,8.9240,36
4463,8.9260,37
4464,8.9280,38
4465,8.9300,39
4466,8.9320,40
4467,8.9340,41
4468,8.9360,42
4469,8.9380,43
4470,8.9400,44
4471,8.9420,44
4472,8.9440,45
4473,8.9460,46
4474,8.9480,47
4475,8.9500,48
4476,8.9520,49
4477,8.9540,50
4478,8.9560,51
4479,8.9580,52
4480,8.9600,52
4481,8.9620,53
4482,8.9640,54
4483,8.9660,55
4484,8.9680,56
4485,8.9700,56
4486,8.9720,57
4487,8.9740,58
4488,8.9760,59
4489,8.9780,60
4490,8.9800,60
4491,8.9820,61
4492,8.9840,62
4493,8.9860,62
4494,8.9880,63
4495,8.9900,64
4496,8.9920,65
4497,8.9940,65
4498,8.9960,66
4499,8.9980,67
4500,9.0000,68
4501,9.0020,68
4502,9.0040,69
4503,9.0060,70
4504,9.0080,70
4505,9.0100,71
4506,9.0120,72
4507,9.0140,72
4508,9.0160,73
4509,9.0180,73
4510,9.0200,74
4511,9.0220,74
4512,9.0240,75
4513,9.0260,75
4514,9.0280,76
4515,9.0300,76
4516,9.0320,77
4517,9.0340,78
4518,9.0360,78
4519,9.0380,78
4520,9.0400,79
4521,9.0420,79
4522,9.0440,80
4523,9.0460,80
4524,9.0480,80
4525,9.0500,81
4526,9.0520,81
4527,9.0540,82
4528,9.0560,82
4529,9.0580,82
4530,9.0600,83
4531,9.0620,83
4532,9.0640,83
4533,9.0660,84
4534,9.0680,84
4535,9.0700,84
4536,9.0720,84
4537,9.0740,84
4538,9.0760,85
4539,9.0780,85
4540,9.0800,85
4541,9.0820,86
4542,9.0840,86
4543,9.0860,86
4544,9.0880,86
4545,9.0900,86
4546,9.0920,86
4547,9.0940,86
4548,9.0960,86
4549,9.0980,86
4550,9.1000,86
4551,9.1020,87
4552,9.1040,87
4553,9.1060,87
4554,9.1080,87
4555,9.1100,87
4556,9.1120,87
4557,9.1140,87
4558,9.1160,87
4559,9.1180,87
4560,9.1200,87
4561,9.1220,87
4562,9.1240,86
4563,9.1260,86
4564,9.1280,86
4565,9.1300,86
4566,9.1320,86
4567,9.1340,86
4568,9.1360,86
4569,9.1380,86
4570,9.1400,86
4571,9.1420,85
4572,9.1440,85
4573,9.1460,85
4574,9.1480,85
4575,9.1500,84
4576,9.1520,84
4577,9.1540,84
4578,9.1560,84
4579,9.1580,83
4580,9.1600,83
4581,9.1620,83
4582,9.1640,82
4583,9.1660,82
4584,9.1680,82
4585,9.1700,81
4586,9.1720,81
4587,9.1740,80
4588,9.1760,80
4589,9.1780,80
4590,9.1800,79
4591,9.1820,79
4592,9.1840,78
4593,9.1860,78
4594,9.1880,78
4595,9.1900,77
4596,9.1920,76
4597,9.1940,76
4598,9.1960,76
4599,9.1980,75
4600,9.2000,74